,Symbol,Series,Date,Prev Close,Open Price,High Price,Low Price,Last Price,Close Price,Average Price,Total Traded Quantity,Turnover,No. of Trades,Deliverable Qty,% Dly Qt to Traded Qty,month,year,vwap,Day_Perc_Change,Trend
0,MARUTI,EQ,2017-05-15,6730.2,6759.4,6839.1,6733.45,6824.0,6823.9,6796.84,336356,2286157837.9,31377,154743,46.01,5,2017,6796.84,0.0,Slight or No change
1,MARUTI,EQ,2017-05-16,6823.9,6850.0,6977.55,6830.0,6968.4,6953.95,6902.22,707624,4884173800.35,49047,360641,50.97,5,2017,6868.268013103699,1.90580166766805,Positive
2,MARUTI,EQ,2017-05-17,6953.95,6950.0,6979.0,6885.85,6945.0,6958.2,6931.6,445461,3087757535.3,65280,260033,58.37,5,2017,6887.209300616809,0.06111634394840859,Slight or No change
3,MARUTI,EQ,2017-05-18,6958.2,6918.3,6948.0,6814.45,6822.0,6831.05,6869.68,406814,2794683945.35,37063,188907,46.44,5,2017,6883.448643478857,-1.8273404041274977,Negative
4,MARUTI,EQ,2017-05-19,6831.05,6854.8,6893.9,6691.55,6756.3,6790.55,6791.6,552223,3750475037.3,64293,234662,42.49,5,2017,6862.733352817547,-0.5928810358583281,Slight negative
5,MARUTI,EQ,2017-05-22,6790.55,6803.95,6843.95,6689.25,6694.3,6701.7,6732.22,327493,2204755982.95,36146,158645,48.44,5,2017,6847.336142452497,-1.3084359882483798,Negative
6,MARUTI,EQ,2017-05-23,6701.7,6765.0,6910.0,6743.65,6867.95,6878.85,6855.36,956457,6556860387.15,98981,414258,43.31,5,2017,6849.392303942635,2.6433591476789475,Positive
7,MARUTI,EQ,2017-05-24,6878.85,6903.0,6912.55,6813.0,6865.0,6869.65,6863.75,433647,2976444464.5,48950,191595,44.18,5,2017,6850.8867973980305,-0.13374328557826942,Slight or No change
8,MARUTI,EQ,2017-05-25,6869.65,6879.95,7018.0,6835.0,6970.0,6985.7,6916.65,435721,3013729805.95,44648,177404,40.72,5,2017,6857.113585460981,1.689314593902158,Positive
9,MARUTI,EQ,2017-05-26,6985.7,6971.15,7085.05,6936.2,7068.05,7064.8,7049.7,373937,2636144373.95,30388,92677,24.78,5,2017,6871.586867305783,1.1323131540146303,Positive
10,MARUTI,EQ,2017-05-29,7064.8,7050.0,7197.8,7025.55,7144.0,7134.45,7130.02,427378,3047215056.0,46353,131172,30.69,5,2017,6892.028541627222,0.9858736269958035,Slight positive
11,MARUTI,EQ,2017-05-30,7134.45,7134.45,7206.6,7084.15,7138.05,7147.5,7136.66,403698,2881054388.05,34630,166452,41.23,5,2017,6909.035684531728,0.18291529129785822,Slight or No change
12,MARUTI,EQ,2017-05-31,7147.5,7138.0,7248.0,7134.95,7219.75,7211.0,7211.55,650259,4689375538.75,69023,355423,54.66,5,2017,6939.500387127718,0.8884225253585232,Slight positive
13,MARUTI,EQ,2017-06-01,7211.0,7242.0,7245.0,7110.1,7150.0,7146.6,7165.03,649217,4651660714.4,74481,276770,42.63,6,2017,6960.104353712242,-0.8930800166412345,Slight negative
14,MARUTI,EQ,2017-06-02,7146.6,7182.0,7187.7,7100.0,7110.6,7114.7,7135.0,310268,2213761589.2,33719,153510,49.48,6,2017,6967.421030662088,-0.446366104161422,Slight or No change
15,MARUTI,EQ,2017-06-05,7114.7,7139.8,7161.9,7091.1,7116.05,7125.7,7126.86,296147,2110599116.05,31551,137016,46.27,6,2017,6973.543059582247,0.15460947053282936,Slight or No change
16,MARUTI,EQ,2017-06-06,7125.7,7134.0,7154.3,7085.05,7118.95,7112.1,7110.16,324579,2307809562.65,45217,197591,60.88,6,2017,6979.060224023578,-0.19085844197762603,Slight or No change
17,MARUTI,EQ,2017-06-07,7112.1,7135.0,7225.0,7107.6,7198.0,7205.7,7189.75,518152,3725380789.55,44672,192737,37.2,6,2017,6991.82046121113,1.3160669844349604,Positive
18,MARUTI,EQ,2017-06-08,7205.7,7199.0,7274.95,7198.0,7260.0,7249.5,7231.51,426525,3084419776.25,56722,229606,53.83,6,2017,7003.202567795923,0.6078521170739926,Slight positive
19,MARUTI,EQ,2017-06-09,7249.5,7271.0,7480.9,7230.0,7474.9,7464.85,7384.15,1122640,8289742220.9,91222,395926,35.27,6,2017,7045.5265583136625,2.9705496930822806,Positive
20,MARUTI,EQ,2017-06-12,7464.85,7445.0,7450.0,7355.5,7375.0,7373.65,7395.21,454342,3359955209.2,45067,192329,42.33,6,2017,7060.573135371191,-1.2217258216843052,Negative
21,MARUTI,EQ,2017-06-13,7373.65,7394.6,7455.0,7335.0,7342.0,7348.95,7394.22,607567,4492481373.45,58498,256546,42.23,6,2017,7078.726785470477,-0.3349765719826703,Slight or No change
22,MARUTI,EQ,2017-06-14,7348.95,7343.0,7392.45,7331.85,7352.0,7351.05,7359.55,277472,2042069845.15,36585,116310,41.92,6,2017,7085.5356578565315,0.028575510787254288,Slight or No change
23,MARUTI,EQ,2017-06-15,7351.05,7348.35,7393.0,7272.15,7302.95,7312.3,7323.55,388150,2842635979.65,44880,166096,42.79,6,2017,7093.343659486584,-0.5271355792709875,Slight negative
24,MARUTI,EQ,2017-06-16,7312.3,7332.0,7360.05,7250.0,7272.0,7263.9,7284.75,547028,3984961154.25,51164,343895,62.87,6,2017,7101.801799613141,-0.6618984450856846,Slight negative
25,MARUTI,EQ,2017-06-19,7263.9,7314.0,7322.15,7235.0,7250.0,7249.25,7267.32,372747,2708872699.55,37153,214919,57.66,6,2017,7106.640012190339,-0.20168229188176623,Slight or No change
26,MARUTI,EQ,2017-06-20,7249.25,7265.0,7283.65,7190.3,7207.05,7207.25,7242.38,757716,5487664321.95,54031,513331,67.75,6,2017,7114.253281536903,-0.5793702796841105,Slight negative
27,MARUTI,EQ,2017-06-21,7207.25,7220.0,7284.5,7153.3,7279.0,7268.2,7227.2,460423,3327567635.15,46064,230633,50.09,6,2017,7117.975766456951,0.8456762287973874,Slight positive
28,MARUTI,EQ,2017-06-22,7268.2,7291.0,7352.0,7288.0,7320.0,7316.1,7326.33,436033,3194523105.05,64237,239676,54.97,6,2017,7124.282087076605,0.6590352494427965,Slight positive
29,MARUTI,EQ,2017-06-23,7316.1,7321.25,7331.65,7205.0,7225.0,7219.15,7235.37,355854,2574735785.95,53841,178046,50.03,6,2017,7126.9599946077515,-1.3251595795574223,Negative
30,MARUTI,EQ,2017-06-27,7219.15,7239.5,7267.2,7155.1,7175.0,7183.35,7190.3,365667,2629253656.9,42155,177272,48.48,6,2017,7128.491060831548,-0.4959032573086719,Slight or No change
31,MARUTI,EQ,2017-06-28,7183.35,7213.95,7324.0,7205.0,7230.1,7225.05,7259.6,637214,4625918523.6,61871,308168,48.36,6,2017,7133.79048764752,0.5805090939464241,Slight positive
32,MARUTI,EQ,2017-06-29,7225.05,7254.9,7290.0,7205.0,7213.8,7224.35,7238.32,543979,3937495489.85,40635,303446,55.78,6,2017,7137.277065534239,-0.009688514266337211,Slight or No change
33,MARUTI,EQ,2017-06-30,7224.35,7214.8,7233.6,7157.15,7201.25,7217.6,7193.36,367886,2646335813.4,48492,198560,53.97,6,2017,7138.514250264772,-0.09343401136434615,Slight or No change
34,MARUTI,EQ,2017-07-03,7217.6,7238.9,7365.0,7211.2,7359.0,7354.0,7322.32,556846,4077405610.5,58041,220432,39.59,7,2017,7144.453344339405,1.8898248725337963,Positive
35,MARUTI,EQ,2017-07-04,7354.0,7386.0,7415.05,7340.0,7364.0,7376.15,7377.94,428293,3159920421.6,45813,169247,39.52,7,2017,7150.115316879418,0.30119662768561817,Slight or No change
36,MARUTI,EQ,2017-07-05,7376.15,7374.75,7394.0,7332.0,7378.0,7377.65,7367.13,273869,2017627913.15,40371,152185,55.57,7,2017,7153.429023838069,0.020335812042859835,Slight or No change
37,MARUTI,EQ,2017-07-06,7377.65,7377.65,7498.0,7376.2,7476.75,7474.05,7455.72,416512,3105395941.65,48144,186357,44.74,7,2017,7160.289665081462,1.306649136242588,Positive
38,MARUTI,EQ,2017-07-07,7474.05,7470.0,7474.05,7420.0,7428.0,7432.8,7437.78,339803,2527380002.1,32659,189042,55.63,7,2017,7165.334179494573,-0.5519096072410523,Slight negative
39,MARUTI,EQ,2017-07-10,7432.8,7500.5,7500.5,6700.0,7433.3,7430.45,7437.62,47433,352788666.4,4351,22111,46.62,7,2017,7166.023385800423,-0.031616618232699345,Slight or No change
40,MARUTI,EQ,2017-07-11,7430.45,7473.9,7495.0,7400.0,7452.2,7457.0,7444.31,423681,3154012268.35,56319,230854,54.49,7,2017,7172.176079430946,0.35731348707011,Slight or No change
41,MARUTI,EQ,2017-07-12,7457.0,7485.0,7485.0,7435.1,7463.1,7476.65,7466.77,233096,1740473302.15,28925,119139,51.11,7,2017,7175.7163934989985,0.2635107952259519,Slight or No change
42,MARUTI,EQ,2017-07-13,7476.65,7490.0,7574.5,7465.15,7561.0,7567.55,7535.89,472029,3557157294.85,42641,232821,49.32,7,2017,7184.27338805569,1.2157851444162926,Positive
43,MARUTI,EQ,2017-07-14,7567.55,7574.95,7588.95,7520.0,7560.9,7557.25,7551.75,267450,2019714625.95,37160,107831,40.32,7,2017,7189.154355104169,-0.13610745882088882,Slight or No change
44,MARUTI,EQ,2017-07-17,7557.25,7571.95,7578.0,7504.3,7508.8,7522.3,7533.01,289180,2178395267.9,44010,194450,67.24,7,2017,7194.022743243947,-0.4624698137550065,Slight or No change
45,MARUTI,EQ,2017-07-18,7522.3,7525.0,7591.5,7515.0,7538.0,7549.35,7561.58,387214,2927950723.55,68082,265121,68.47,7,2017,7200.8612387531675,0.3595974635417276,Slight or No change
46,MARUTI,EQ,2017-07-19,7549.35,7564.25,7584.0,7535.0,7555.55,7561.5,7561.92,223986,1693764179.6,41923,119098,53.17,7,2017,7204.705688932047,0.1609410081662599,Slight or No change
47,MARUTI,EQ,2017-07-20,7561.5,7580.0,7584.5,7480.05,7495.0,7490.95,7509.19,290547,2181771499.25,43947,180912,62.27,7,2017,7208.853886450699,-0.9330159359915435,Slight negative
48,MARUTI,EQ,2017-07-21,7490.95,7500.0,7549.9,7445.0,7529.0,7543.0,7510.65,434483,3263251529.6,52723,244127,56.19,7,2017,7214.879560929744,0.694838438382317,Slight positive
49,MARUTI,EQ,2017-07-24,7543.0,7554.0,7569.0,7495.0,7538.3,7554.55,7536.89,357195,2692138343.75,47264,217768,60.97,7,2017,7220.079805324019,0.15312209996023451,Slight or No change
50,MARUTI,EQ,2017-07-25,7554.55,7573.0,7573.0,7493.55,7500.0,7504.85,7522.08,323585,2434031513.05,68674,209230,64.66,7,2017,7224.434286785116,-0.6578816739580717,Slight negative
51,MARUTI,EQ,2017-07-26,7504.85,7539.0,7595.0,7504.0,7576.0,7565.25,7546.4,377790,2850954339.95,57294,221051,58.51,7,2017,7229.764576316761,0.8048128876659622,Slight positive
52,MARUTI,EQ,2017-07-27,7565.25,7615.0,7683.4,7536.0,7570.0,7599.6,7614.31,1148259,8743197157.95,89004,276048,24.04,7,2017,7248.187437021353,0.45404976702687616,Slight or No change
53,MARUTI,EQ,2017-07-28,7599.6,7617.0,7673.6,7584.0,7624.1,7630.45,7628.19,459181,3502719276.0,40044,197321,42.97,7,2017,7255.330729266906,0.4059424180219873,Slight or No change
54,MARUTI,EQ,2017-07-31,7630.45,7664.0,7765.0,7651.0,7745.1,7750.05,7729.18,505371,3906101481.4,50366,262226,51.89,7,2017,7264.935458062992,1.5674042815299272,Positive
55,MARUTI,EQ,2017-08-01,7750.05,7759.9,7920.0,7725.0,7855.0,7856.1,7852.81,1096934,8614019508.65,95741,517735,47.2,8,2017,7289.709724863925,1.3683782685272927,Positive
56,MARUTI,EQ,2017-08-02,7856.1,7878.9,7880.0,7775.0,7784.9,7795.5,7820.73,414448,3241284717.4,54770,223096,53.83,8,2017,7298.032273058937,-0.7713751097873089,Slight negative
57,MARUTI,EQ,2017-08-03,7795.5,7794.0,7829.0,7711.0,7750.0,7737.4,7754.12,287116,2226332584.25,40515,152494,53.11,8,2017,7302.931087404782,-0.7453017766660297,Slight negative
58,MARUTI,EQ,2017-08-04,7737.4,7750.0,7804.9,7740.0,7775.0,7770.3,7773.88,325021,2526674563.35,35254,158758,48.85,8,2017,7308.588550043401,0.4252074340217682,Slight or No change
59,MARUTI,EQ,2017-08-07,7770.3,7779.5,7892.35,7771.0,7845.0,7838.65,7846.65,327318,2568350274.3,44503,143208,43.75,8,2017,7315.020101669216,0.8796314170623987,Slight positive
60,MARUTI,EQ,2017-08-08,7838.65,7849.0,7885.0,7736.9,7762.0,7755.9,7790.15,319951,2492466150.4,37840,130310,40.73,8,2017,7320.50747964076,-1.0556664731809717,Negative
61,MARUTI,EQ,2017-08-09,7755.9,7759.0,7795.0,7639.1,7654.95,7661.6,7722.02,285089,2201462995.05,28758,126346,44.32,8,2017,7324.597280810085,-1.215848579790857,Negative
62,MARUTI,EQ,2017-08-10,7661.6,7637.35,7640.0,7538.9,7600.35,7578.75,7589.69,385730,2927570408.8,63051,193165,50.08,8,2017,7328.201069907669,-1.0813668163307977,Negative
63,MARUTI,EQ,2017-08-11,7578.75,7501.9,7533.8,7380.0,7480.0,7457.4,7462.49,676390,5047556976.35,71324,375421,55.5,8,2017,7331.327755187405,-1.6011875309252854,Negative
64,MARUTI,EQ,2017-08-14,7457.4,7516.0,7647.0,7515.0,7594.9,7608.45,7597.84,328598,2496635810.55,40458,109842,33.43,8,2017,7334.308631867953,2.0255048676482534,Positive
65,MARUTI,EQ,2017-08-16,7608.45,7649.1,7720.1,7585.05,7715.0,7701.15,7667.42,488766,3747576507.1,51358,204795,41.9,8,2017,7339.759763314308,1.218382193482248,Positive
66,MARUTI,EQ,2017-08-17,7701.15,7701.0,7708.85,7565.0,7575.0,7582.45,7628.97,321296,2451157583.0,32268,127876,39.8,8,2017,7342.8377612524455,-1.5413282431844588,Negative
67,MARUTI,EQ,2017-08-18,7582.45,7551.0,7624.0,7531.35,7594.9,7598.8,7575.2,332924,2521965187.95,44490,153437,46.09,8,2017,7345.372287789705,0.21562951288831567,Slight or No change
68,MARUTI,EQ,2017-08-21,7598.8,7629.0,7658.05,7490.0,7503.8,7501.9,7551.36,277519,2095645278.8,34374,107382,38.69,8,2017,7347.228336134294,-1.2752013475812007,Negative
69,MARUTI,EQ,2017-08-22,7501.9,7540.0,7567.5,7475.1,7507.85,7496.1,7508.61,278131,2088377613.55,37257,103984,37.39,8,2017,7348.67262679925,-0.07731374718403794,Slight or No change
70,MARUTI,EQ,2017-08-23,7496.1,7548.0,7590.0,7501.0,7570.0,7573.05,7552.37,258051,1948896428.9,32876,76894,29.8,8,2017,7350.350081328174,1.0265337975747357,Positive
71,MARUTI,EQ,2017-08-24,7573.05,7536.0,7635.0,7483.6,7609.95,7612.85,7567.76,436912,3306445863.75,35771,196033,44.87,8,2017,7353.339726183237,0.5255478307947259,Slight positive
72,MARUTI,EQ,2017-08-28,7612.85,7649.0,7649.0,7568.05,7575.2,7579.0,7596.99,391028,2970634097.7,53876,237910,60.84,8,2017,7356.301887944233,-0.44464293924089127,Slight or No change
73,MARUTI,EQ,2017-08-29,7579.0,7565.0,7575.55,7495.05,7507.85,7521.5,7528.8,368309,2772923688.65,44461,179324,48.69,8,2017,7358.254814033307,-0.7586752869771729,Slight negative
74,MARUTI,EQ,2017-08-30,7521.5,7603.0,7639.35,7532.5,7559.9,7557.45,7580.64,471048,3570846999.4,66653,210250,44.63,8,2017,7361.428886673103,0.4779631722395816,Slight or No change
75,MARUTI,EQ,2017-08-31,7557.45,7564.9,7720.4,7532.0,7720.0,7700.3,7654.15,586954,4492634864.65,58236,251970,42.93,8,2017,7366.543914276598,1.89018782790491,Positive
76,MARUTI,EQ,2017-09-01,7700.3,7747.5,7834.9,7730.0,7807.0,7812.3,7800.66,627407,4894185802.5,56655,219393,34.97,9,2017,7374.503821682685,1.454488786151198,Positive
77,MARUTI,EQ,2017-09-04,7812.3,7840.0,7876.0,7756.75,7804.95,7821.5,7822.24,362724,2837314016.5,33764,67830,18.7,9,2017,7379.200293497071,0.1177630147331854,Slight or No change
78,MARUTI,EQ,2017-09-05,7821.5,7843.0,7855.95,7801.0,7817.0,7817.2,7828.47,182518,1428836167.8,20755,62635,34.32,9,2017,7381.559140911231,-0.054976666879757996,Slight or No change
79,MARUTI,EQ,2017-09-06,7817.2,7800.0,7904.0,7770.0,7851.35,7846.65,7849.13,340420,2672001273.2,31039,76899,22.59,9,2017,7386.093514430176,0.37673335721228884,Slight or No change
80,MARUTI,EQ,2017-09-07,7846.65,7888.0,7949.0,7858.5,7920.0,7919.2,7915.91,389478,3083071578.65,43184,153101,39.31,9,2017,7391.907461990132,0.9245983954936143,Slight positive
81,MARUTI,EQ,2017-09-08,7919.2,7940.45,7979.75,7892.0,7968.0,7970.75,7951.99,341309,2714085580.1,38432,98137,28.75,9,2017,7397.242114158715,0.6509495908677776,Slight positive
82,MARUTI,EQ,2017-09-11,7970.75,8000.0,8168.0,8000.0,8144.0,8142.4,8108.94,547463,4439345930.9,53484,220154,40.21,9,2017,7407.951680587043,2.153498729730563,Positive
83,MARUTI,EQ,2017-09-12,8142.4,8192.0,8192.0,8116.0,8136.3,8154.5,8157.53,387447,3160611115.65,33808,166881,43.07,9,2017,7415.850281049608,0.1486048339556012,Slight or No change
84,MARUTI,EQ,2017-09-13,8154.5,8161.9,8200.0,8100.15,8110.45,8122.6,8151.6,371832,3031024979.3,34721,203726,54.79,9,2017,7423.216215648653,-0.3911950456802926,Slight or No change
85,MARUTI,EQ,2017-09-14,8122.6,8139.95,8164.95,8042.05,8071.3,8070.25,8088.42,293890,2377104613.0,36115,99509,33.86,9,2017,7428.4385840689,-0.6444980671213685,Slight negative
86,MARUTI,EQ,2017-09-15,8070.25,8076.95,8119.1,8043.5,8099.0,8099.75,8092.26,400099,3237704045.35,31988,228565,57.13,9,2017,7435.458462850551,0.3655401009881931,Slight or No change
87,MARUTI,EQ,2017-09-18,8099.75,8130.7,8185.0,8130.7,8168.0,8157.85,8160.0,219992,1795134282.25,22767,100409,45.64,9,2017,7439.64700741322,0.7173060896941363,Slight positive
88,MARUTI,EQ,2017-09-19,8157.85,8178.0,8184.95,8124.45,8143.9,8131.7,8155.04,245577,2002689705.5,26708,135456,55.16,9,2017,7444.234038836022,-0.32055014495241396,Slight or No change
89,MARUTI,EQ,2017-09-20,8131.7,8164.4,8164.4,8109.1,8118.5,8120.15,8124.92,185837,1509911111.25,24416,98768,53.15,9,2017,7447.520860722015,-0.14203672048895832,Slight or No change
90,MARUTI,EQ,2017-09-21,8120.15,8101.0,8170.9,8075.1,8170.0,8144.95,8120.19,258168,2096373370.4,31776,132281,51.24,9,2017,7452.003125843886,0.3054130773446406,Slight or No change
91,MARUTI,EQ,2017-09-22,8144.95,8145.0,8175.5,8050.0,8058.0,8068.2,8101.02,366359,2967882620.75,55761,179857,49.09,9,2017,7458.082643891812,-0.9423016715879196,Slight negative
92,MARUTI,EQ,2017-09-25,8068.2,8074.0,8089.0,7855.05,7978.15,7964.95,7929.98,626129,4965189872.65,60944,327164,52.25,9,2017,7465.518312292687,-1.2797154259934107,Negative
93,MARUTI,EQ,2017-09-26,7964.95,7980.0,7980.05,7869.1,7879.0,7889.9,7910.53,440508,3484652885.95,52873,257433,58.44,9,2017,7470.397481810253,-0.9422532470385936,Slight negative
94,MARUTI,EQ,2017-09-27,7889.9,7949.0,7978.0,7715.0,7735.0,7739.95,7831.68,564788,4423236344.65,48920,218687,38.72,9,2017,7475.405784207214,-1.9005310586952873,Negative
95,MARUTI,EQ,2017-09-28,7739.95,7735.1,7920.0,7651.0,7902.3,7897.35,7820.87,768225,6008189951.05,72357,318837,41.5,9,2017,7481.799257981055,2.0336048682485064,Positive
96,MARUTI,EQ,2017-09-29,7897.35,7960.0,8007.8,7925.0,7984.0,7978.2,7970.25,486217,3875272090.2,55603,230262,47.36,9,2017,7487.454339640375,1.0237611350642828,Positive
97,MARUTI,EQ,2017-10-03,7978.2,8055.35,8069.05,7855.0,7867.15,7888.3,7911.91,516298,4084902733.95,78087,225861,43.75,10,2017,7492.609167122669,-1.1268205860971103,Negative
98,MARUTI,EQ,2017-10-04,7888.3,7894.0,7933.9,7830.6,7838.0,7847.2,7883.88,301347,2375782274.15,33581,120614,40.02,10,2017,7495.363130219053,-0.5210248088941882,Slight negative
99,MARUTI,EQ,2017-10-05,7847.2,7836.0,7901.0,7807.2,7832.0,7831.05,7850.97,272177,2136853487.95,36700,94712,34.8,10,2017,7497.609509995296,-0.20580589254765025,Slight or No change
100,MARUTI,EQ,2017-10-06,7831.05,7864.95,7919.0,7845.05,7906.9,7903.2,7882.2,440453,3471740181.75,36002,154233,35.02,10,2017,7501.501239532855,0.9213323883770386,Slight positive
101,MARUTI,EQ,2017-10-09,7903.2,7909.0,7957.0,7866.7,7891.2,7896.7,7906.04,261839,2070109977.9,34666,115479,44.1,10,2017,7503.9202307724045,-0.08224516651482716,Slight or No change
102,MARUTI,EQ,2017-10-10,7896.7,7890.5,7934.9,7885.3,7886.0,7893.7,7909.7,224485,1775607927.2,32869,126536,56.37,10,2017,7505.989880189024,-0.03799055301582088,Slight or No change
103,MARUTI,EQ,2017-10-11,7893.7,7892.0,7898.85,7801.0,7830.0,7825.15,7837.28,644166,5048507647.45,96296,401237,62.29,10,2017,7510.76863955842,-0.8684140517121297,Slight negative
104,MARUTI,EQ,2017-10-12,7825.15,7845.0,7918.0,7830.0,7897.85,7904.25,7878.22,396436,3123209690.05,33477,157885,39.83,10,2017,7514.00192067235,1.0108432426215508,Positive
105,MARUTI,EQ,2017-10-13,7904.25,7900.0,7940.0,7860.05,7872.0,7874.15,7885.25,328108,2587212307.2,38728,203901,62.14,10,2017,7516.686030097678,-0.3808077932757725,Slight or No change
106,MARUTI,EQ,2017-10-16,7874.15,7900.0,7935.0,7814.0,7847.0,7842.0,7854.84,502632,3948095685.8,58158,275290,54.77,10,2017,7520.390278946162,-0.4082980385184398,Slight or No change
107,MARUTI,EQ,2017-10-17,7842.0,7851.0,7902.3,7830.9,7856.0,7838.9,7861.99,304861,2396813464.25,29378,135132,44.33,10,2017,7522.644927972662,-0.039530731956138876,Slight or No change
108,MARUTI,EQ,2017-10-18,7838.9,7859.0,7873.05,7748.2,7780.0,7784.05,7802.69,489207,3817131311.9,45687,171926,35.14,10,2017,7525.579904148826,-0.6997155213103845,Slight negative
109,MARUTI,EQ,2017-10-19,7784.05,7803.0,7803.0,7690.0,7694.0,7731.1,7754.3,115449,895226478.5,13032,58460,50.64,10,2017,7526.144198463666,-0.680237151611307,Slight negative
110,MARUTI,EQ,2017-10-23,7731.1,7748.8,7860.0,7714.0,7859.0,7818.5,7769.78,471496,3663420846.2,60700,237896,50.46,10,2017,7528.574589933332,1.1304988940771699,Positive
111,MARUTI,EQ,2017-10-24,7818.5,7865.3,7932.2,7841.6,7875.0,7875.0,7888.17,354257,2794441066.65,41502,155480,43.89,10,2017,7531.24973146713,0.7226450086333713,Slight positive
112,MARUTI,EQ,2017-10-25,7875.0,7930.0,7945.0,7810.3,7855.1,7870.2,7870.86,254379,2002181670.2,34624,125543,49.35,10,2017,7533.054254673002,-0.060952380952383756,Slight or No change
113,MARUTI,EQ,2017-10-26,7870.2,7900.0,8086.0,7866.2,8063.6,8068.05,8006.01,684763,5482222450.5,67778,305073,44.55,10,2017,7539.723754918321,2.5139132423572574,Positive
114,MARUTI,EQ,2017-10-27,8068.05,8123.95,8240.0,8062.6,8101.2,8114.45,8173.53,1201080,9817058884.75,93252,276626,23.03,10,2017,7555.022279950314,0.5751079876797904,Slight positive
115,MARUTI,EQ,2017-10-30,8114.45,8200.0,8279.0,8163.3,8195.0,8195.25,8228.63,726605,5978960903.35,74718,425517,58.56,10,2017,7564.71689866179,0.9957544873651303,Slight positive
116,MARUTI,EQ,2017-10-31,8195.25,8195.0,8226.5,8167.2,8220.0,8211.25,8203.57,318652,2614085103.9,42480,160128,50.25,10,2017,7568.723816678635,0.19523504469052266,Slight or No change
117,MARUTI,EQ,2017-11-01,8211.25,8251.0,8256.45,8160.0,8246.0,8238.4,8211.73,631375,5184682776.15,64104,374692,59.35,11,2017,7576.616622933359,0.3306439336276501,Slight or No change
118,MARUTI,EQ,2017-11-02,8238.4,8250.0,8273.95,8201.0,8227.6,8225.8,8232.59,247753,2039647678.7,29360,143780,58.03,11,2017,7579.761091163909,-0.15294231889687593,Slight or No change
119,MARUTI,EQ,2017-11-03,8225.8,8235.0,8242.9,8175.0,8220.0,8219.4,8211.87,288916,2372539982.6,28858,162490,56.24,11,2017,7583.274952537881,-0.07780398259135124,Slight or No change
120,MARUTI,EQ,2017-11-06,8219.4,8209.5,8370.55,8199.35,8305.0,8310.2,8311.45,392588,3262975798.95,53195,179650,45.76,11,2017,7588.734111525711,1.1047035063386668,Positive
121,MARUTI,EQ,2017-11-07,8310.2,8348.0,8348.0,8210.0,8218.0,8220.3,8258.42,348296,2876376265.5,38541,196157,56.32,11,2017,7593.158910437576,-1.0818030853649852,Negative
122,MARUTI,EQ,2017-11-08,8220.3,8218.0,8285.05,8204.9,8250.0,8232.0,8238.43,199176,1640897076.45,35425,98912,49.66,11,2017,7595.587841902599,0.14233057187695852,Slight or No change
123,MARUTI,EQ,2017-11-09,8232.0,8273.7,8273.7,8148.7,8230.0,8204.8,8207.2,442672,3633096642.3,52502,279558,63.15,11,2017,7600.662140433753,-0.3304178814382941,Slight or No change
124,MARUTI,EQ,2017-11-10,8204.8,8198.8,8234.9,8111.05,8198.6,8183.5,8184.39,351694,2878402106.4,36501,185404,52.72,11,2017,7604.484574320333,-0.25960413416535877,Slight or No change
125,MARUTI,EQ,2017-11-13,8183.5,8185.0,8219.05,8080.0,8105.0,8109.2,8150.26,181361,1478140060.55,25071,78619,43.35,11,2017,7606.321359704977,-0.9079244821897703,Slight negative
126,MARUTI,EQ,2017-11-14,8109.2,8129.0,8186.0,8109.0,8130.05,8122.95,8145.31,237427,1933915506.3,39671,140229,59.06,11,2017,7608.685651177076,0.1695604991861055,Slight or No change
127,MARUTI,EQ,2017-11-15,8122.95,8100.0,8180.0,8087.0,8139.0,8127.25,8132.61,275441,2240053456.2,34870,148486,53.91,11,2017,7611.338325972792,0.05293643319237429,Slight or No change
128,MARUTI,EQ,2017-11-16,8127.25,8130.0,8234.85,8129.25,8188.0,8163.7,8178.27,321844,2632126894.75,36729,137760,42.8,11,2017,7614.672599625611,0.4484911870558994,Slight or No change
129,MARUTI,EQ,2017-11-17,8163.7,8218.0,8362.45,8218.0,8337.0,8348.35,8297.68,419255,3478845719.25,40095,168406,40.17,11,2017,7619.865550042405,2.261842056910468,Positive
130,MARUTI,EQ,2017-11-20,8348.35,8377.0,8449.0,8350.0,8439.9,8425.65,8411.14,372037,3129256520.05,45047,168026,45.16,11,2017,7625.168329222008,0.9259314714883615,Slight positive
131,MARUTI,EQ,2017-11-21,8425.65,8446.0,8449.45,8401.0,8425.0,8424.8,8423.36,255180,2149473720.95,45061,163658,64.13,11,2017,7628.820511004804,-0.010088242450145835,Slight or No change
132,MARUTI,EQ,2017-11-22,8424.8,8448.0,8525.0,8444.0,8517.0,8513.15,8487.13,383442,3254322661.9,37823,208271,54.32,11,2017,7634.681439516802,1.0486895831355092,Positive
133,MARUTI,EQ,2017-11-23,8513.15,8512.0,8519.0,8443.5,8456.0,8463.4,8483.14,289808,2458482404.45,31433,166123,57.32,11,2017,7639.037844120421,-0.5843900318918349,Slight negative
134,MARUTI,EQ,2017-11-24,8463.4,8463.4,8540.0,8463.4,8485.25,8487.95,8502.23,343432,2919936481.9,38999,165459,48.18,11,2017,7644.258210332356,0.2900725476758792,Slight or No change
135,MARUTI,EQ,2017-11-27,8487.95,8486.0,8524.2,8445.0,8511.0,8508.6,8485.46,172254,1461655073.75,27035,78183,45.39,11,2017,7646.802150296325,0.24328607025252413,Slight or No change
136,MARUTI,EQ,2017-11-28,8508.6,8490.6,8658.0,8476.05,8627.0,8624.15,8603.03,456041,3923334848.0,44156,198488,43.52,11,2017,7654.397351982047,1.35803775004113,Positive
137,MARUTI,EQ,2017-11-29,8624.15,8649.0,8696.0,8576.0,8670.0,8671.35,8621.32,382984,3301825763.6,40703,227852,59.49,11,2017,7660.8044162365795,0.5473003136541088,Slight positive
138,MARUTI,EQ,2017-11-30,8671.35,8650.0,8676.0,8575.0,8595.0,8599.1,8612.19,582023,5012491441.65,61073,369336,63.46,11,2017,7670.289299345843,-0.8332035957492212,Slight negative
139,MARUTI,EQ,2017-12-01,8599.1,8660.0,8695.0,8593.0,8615.0,8609.0,8646.25,436589,3774856327.5,35601,155494,35.62,12,2017,7677.533736511628,0.11512832738309609,Slight or No change
140,MARUTI,EQ,2017-12-04,8609.0,8659.75,8659.95,8480.55,8510.0,8500.8,8541.44,242191,2068660173.6,33504,94460,39.0,12,2017,7681.076478457613,-1.2568242536880048,Negative
141,MARUTI,EQ,2017-12-05,8500.8,8519.95,8554.95,8476.5,8500.0,8500.4,8510.0,213998,1821122204.15,24230,83269,38.91,12,2017,7684.069213476509,-0.004705439488039698,Slight or No change
142,MARUTI,EQ,2017-12-06,8500.4,8494.0,8638.75,8450.05,8617.0,8612.4,8545.6,420876,3596639628.95,40290,234855,55.8,12,2017,7690.143512579041,1.3175850548209578,Positive
143,MARUTI,EQ,2017-12-07,8612.4,8615.9,8988.25,8614.55,8900.0,8882.4,8793.19,834850,7340994603.6,70927,380028,45.52,12,2017,7705.357452966937,3.135014630068267,Among top gainers
144,MARUTI,EQ,2017-12-08,8882.4,8929.8,9119.0,8899.0,9064.9,9042.25,9050.19,1006694,9110772379.8,90359,303983,30.2,12,2017,7727.3584053977875,1.799626227145823,Positive
145,MARUTI,EQ,2017-12-11,9042.25,9108.0,9167.0,9089.75,9145.0,9133.8,9121.82,564023,5144917118.9,50800,261335,46.33,12,2017,7740.023738554763,1.0124692416157322,Positive
146,MARUTI,EQ,2017-12-12,9133.8,9150.0,9218.5,9100.0,9126.2,9131.35,9156.37,491488,4500248434.8,53060,168868,34.36,12,2017,7751.14545687365,-0.02682344697715333,Slight or No change
147,MARUTI,EQ,2017-12-13,9131.35,9091.0,9176.0,9075.0,9130.1,9120.65,9122.37,446829,4076138628.25,52453,191262,42.8,12,2017,7760.865094964397,-0.11717873041774407,Slight or No change
148,MARUTI,EQ,2017-12-14,9120.65,9127.0,9146.8,9046.0,9132.0,9112.75,9091.86,655484,5959570660.35,51393,237211,36.19,12,2017,7774.562744391905,-0.08661663368290107,Slight or No change
149,MARUTI,EQ,2017-12-15,9112.75,9170.0,9236.3,9147.3,9150.0,9165.9,9179.96,620495,5696122041.1,88978,361065,58.19,12,2017,7788.121959385948,0.5832487448903967,Slight positive
150,MARUTI,EQ,2017-12-18,9165.9,9110.0,9344.0,8990.15,9313.95,9309.1,9221.68,658668,6074024968.65,77589,296443,45.01,12,2017,7802.654910027232,1.5623124843168856,Positive
151,MARUTI,EQ,2017-12-19,9309.1,9345.0,9858.0,9326.0,9846.0,9801.5,9603.52,1275759,12251774244.45,113969,369478,28.96,12,2017,7837.334731394276,5.289447959523463,Among top gainers
152,MARUTI,EQ,2017-12-20,9801.5,9966.0,9996.4,9700.25,9755.4,9733.9,9848.56,1216280,11978607066.35,127449,325474,26.76,12,2017,7873.5940968231935,-0.6896903535173249,Slight negative
153,MARUTI,EQ,2017-12-21,9733.9,9788.0,9817.4,9610.05,9621.0,9631.05,9670.56,849633,8216425577.55,87710,458426,53.96,12,2017,7895.943290328446,-1.0566165668437155,Negative
154,MARUTI,EQ,2017-12-22,9631.05,9665.0,9824.8,9605.0,9700.0,9700.0,9722.76,814330,7917535052.05,85605,164894,20.25,12,2017,7917.463163263603,0.7159136335082916,Slight positive
155,MARUTI,EQ,2017-12-26,9700.0,9741.0,9765.0,9616.2,9678.0,9679.0,9681.71,542587,5253172153.05,53215,199017,36.68,12,2017,7931.202873070605,-0.2164948453608262,Slight or No change
156,MARUTI,EQ,2017-12-27,9679.0,9694.0,9750.7,9629.1,9633.0,9644.1,9688.52,402886,3903367073.55,41249,160416,39.82,12,2017,7941.306492591675,-0.36057443950821,Slight or No change
157,MARUTI,EQ,2017-12-28,9644.1,9693.5,9693.5,9615.8,9641.0,9629.2,9641.7,659995,6363470665.35,47922,271790,41.18,12,2017,7957.172346667199,-0.15449860536493887,Slight or No change
158,MARUTI,EQ,2017-12-29,9629.2,9659.0,9769.0,9650.0,9735.3,9729.55,9717.74,471554,4582438133.6,41973,134352,28.49,12,2017,7968.831630140425,1.0421426494412689,Positive
159,MARUTI,EQ,2018-01-01,9729.55,9749.0,9789.0,9629.8,9644.0,9651.9,9708.58,426354,4139291259.9,37440,119356,27.99,1,2018,7979.186671338528,-0.7980841868328925,Slight negative
160,MARUTI,EQ,2018-01-02,9651.9,9699.0,9718.6,9525.0,9562.0,9554.05,9595.64,451227,4329811183.55,61125,175478,38.89,1,2018,7989.305404477477,-1.0137900309783565,Negative
161,MARUTI,EQ,2018-01-03,9554.05,9597.0,9598.0,9402.0,9420.0,9416.6,9473.05,658281,6235928501.7,106581,375445,57.03,1,2018,8002.732753125302,-1.43865690466346,Negative
162,MARUTI,EQ,2018-01-04,9416.6,9450.0,9488.0,9367.2,9393.35,9386.25,9414.19,562919,5299426703.7,65015,322077,57.22,1,2018,8013.571660663724,-0.32230316674808357,Slight or No change
163,MARUTI,EQ,2018-01-05,9386.25,9458.0,9532.0,9412.55,9448.7,9433.85,9467.87,732512,6935329131.25,54879,373095,50.93,1,2018,8027.960370542465,0.507124783593027,Slight positive
164,MARUTI,EQ,2018-01-08,9433.85,9488.0,9495.0,9425.0,9432.0,9448.95,9454.08,294549,2784691187.85,49765,144447,49.04,1,2018,8033.611597305445,0.1600619047366747,Slight or No change
165,MARUTI,EQ,2018-01-09,9448.95,9464.8,9491.45,9361.0,9385.1,9383.55,9404.84,427590,4021414257.7,54413,224410,52.48,1,2018,8041.454475003297,-0.6921403965520101,Slight negative
166,MARUTI,EQ,2018-01-10,9383.55,9387.8,9454.85,9315.9,9375.0,9375.85,9391.06,394826,3707834529.9,43035,149235,37.8,1,2018,8048.544749910358,-0.08205849598498238,Slight or No change
167,MARUTI,EQ,2018-01-11,9375.85,9410.0,9430.0,9326.0,9333.65,9339.8,9369.98,369158,3459003400.85,64488,171587,46.48,1,2018,8055.003977705459,-0.38449847213853916,Slight or No change
168,MARUTI,EQ,2018-01-12,9339.8,9387.0,9494.75,9355.1,9460.0,9459.15,9434.22,685141,6463770956.2,78642,219721,32.07,1,2018,8067.403716314165,1.277864622368785,Positive
169,MARUTI,EQ,2018-01-15,9459.15,9499.95,9508.55,9340.0,9352.0,9358.45,9399.27,385462,3623062630.3,61177,186997,48.51,1,2018,8074.106440280934,-1.0645776840413679,Negative
170,MARUTI,EQ,2018-01-16,9358.45,9371.0,9408.65,9300.0,9323.3,9322.05,9339.32,364816,3407133763.2,55695,176929,48.5,1,2018,8080.104119148683,-0.3889532988903266,Slight or No change
171,MARUTI,EQ,2018-01-17,9322.05,9316.0,9368.8,9256.0,9316.0,9313.9,9313.66,390461,3636621749.0,50530,192317,49.25,1,2018,8086.331193961114,-0.08742712171678768,Slight or No change
172,MARUTI,EQ,2018-01-18,9313.9,9350.0,9518.9,9332.0,9360.0,9368.7,9423.35,686971,6473564967.25,77350,264322,38.48,1,2018,8098.101380817759,0.5883679232115524,Slight positive
173,MARUTI,EQ,2018-01-19,9368.7,9325.0,9396.0,9282.0,9335.0,9323.95,9325.82,542339,5057756683.0,54917,210313,38.78,1,2018,8106.575006095795,-0.47765431703438166,Slight or No change
174,MARUTI,EQ,2018-01-22,9323.95,9349.0,9356.75,9271.6,9316.0,9310.1,9302.6,454188,4225130878.0,51211,276102,60.79,1,2018,8113.4484192474,-0.14854219509972122,Slight or No change
175,MARUTI,EQ,2018-01-23,9310.1,9347.0,9429.3,9290.0,9405.0,9393.4,9361.77,561948,5260829481.75,63992,265348,47.22,1,2018,8122.261790727235,0.8947272317160859,Slight positive
176,MARUTI,EQ,2018-01-24,9393.4,9419.0,9519.95,9340.45,9431.0,9434.95,9453.29,568489,5374093001.5,55283,231918,40.8,1,2018,8131.7010503591155,0.4423318500223594,Slight or No change
177,MARUTI,EQ,2018-01-25,9434.95,9485.0,9485.0,9250.0,9299.9,9278.2,9360.69,705224,6601380856.75,93277,269164,38.17,1,2018,8142.4187036018675,-1.661376053927155,Negative
178,MARUTI,EQ,2018-01-29,9278.2,9481.0,9714.0,9461.0,9612.45,9630.7,9613.06,1546624,14867796305.1,153005,669561,43.29,1,2018,8170.017398028648,3.7992282985924053,Among top gainers
179,MARUTI,EQ,2018-01-30,9630.7,9620.0,9675.5,9550.0,9569.8,9571.55,9611.01,573988,5516606062.95,84126,227058,39.56,1,2018,8179.984005896151,-0.6141817313383369,Slight negative
180,MARUTI,EQ,2018-01-31,9571.55,9558.05,9585.0,9458.9,9500.0,9509.7,9524.06,462650,4406304638.55,56342,229961,49.71,1,2018,8187.435524383094,-0.6461858319707692,Slight negative
181,MARUTI,EQ,2018-02-01,9509.7,9545.0,9563.7,9312.0,9389.0,9401.85,9446.91,550971,5204971689.5,66405,204521,37.12,2,2018,8195.696447358034,-1.1341051768194665,Negative
182,MARUTI,EQ,2018-02-02,9401.85,9359.0,9359.0,8940.0,8990.6,8990.6,9108.42,984189,8964408095.0,114727,475759,48.34,2,2018,8206.266313718776,-4.3741391321920675,Among top losers
183,MARUTI,EQ,2018-02-05,8990.6,8850.15,9120.0,8688.0,9118.9,9080.6,8969.13,651062,5839460119.5,94033,219393,33.7,2,2018,8212.066028797357,1.0010455364491744,Positive
184,MARUTI,EQ,2018-02-06,9080.6,8700.0,9113.5,8661.6,9015.0,8984.6,8888.85,840339,7469648791.05,98644,307541,36.6,2,2018,8218.642623697591,-1.0571988635112217,Negative
185,MARUTI,EQ,2018-02-07,8984.6,9170.0,9170.0,8873.0,8885.2,8921.8,9029.42,509440,4599947565.05,73755,198554,38.97,2,2018,8223.390946606249,-0.6989737996126788,Slight negative
186,MARUTI,EQ,2018-02-08,8921.8,8988.9,9060.0,8915.0,9040.0,9030.7,9016.3,465683,4198736652.15,57917,184344,39.59,2,2018,8227.613163685886,1.2206057073684828,Positive
187,MARUTI,EQ,2018-02-09,9030.7,8906.0,8986.55,8870.0,8940.0,8936.1,8943.68,364892,3263478454.95,56541,162179,44.45,2,2018,8230.58850229387,-1.0475378431350824,Negative
188,MARUTI,EQ,2018-02-12,8936.1,8960.0,9150.0,8960.0,9099.5,9117.85,9072.79,408523,3706443932.85,51209,135321,33.12,2,2018,8234.488239894765,2.0338850281442777,Positive
189,MARUTI,EQ,2018-02-14,9117.85,9149.9,9157.5,8986.0,8992.0,9001.6,9069.53,357737,3244507012.7,36057,146088,40.84,2,2018,8237.860472427887,-1.2749716215993856,Negative
190,MARUTI,EQ,2018-02-15,9001.6,9049.0,9090.0,9001.0,9021.0,9020.25,9042.07,250781,2267579838.55,31051,72204,28.79,2,2018,8240.130763549765,0.20718538926411956,Slight or No change
191,MARUTI,EQ,2018-02-16,9020.25,9039.9,9070.0,8806.85,8848.0,8836.95,8896.11,632659,5628202393.05,66036,284269,44.93,2,2018,8244.769455266378,-2.0320944541448283,Negative
192,MARUTI,EQ,2018-02-19,8836.95,8856.0,8865.85,8691.65,8734.0,8724.85,8754.02,436138,3817961734.0,66470,185048,42.43,2,2018,8247.239923011168,-1.2685372215526902,Negative
193,MARUTI,EQ,2018-02-20,8724.85,8745.0,8768.95,8650.0,8715.0,8722.65,8702.71,517802,4506282849.4,62723,237029,45.78,2,2018,8249.848196776316,-0.02521533321490077,Slight or No change
194,MARUTI,EQ,2018-02-21,8722.65,8771.0,8795.0,8708.2,8779.0,8782.75,8756.38,471756,4130873219.95,48956,240949,51.07,2,2018,8252.477216166435,0.689010793738154,Slight positive
195,MARUTI,EQ,2018-02-22,8782.75,8769.0,8769.0,8601.5,8624.95,8634.05,8675.34,638857,5542304256.5,63126,375124,58.72,2,2018,8255.428635547276,-1.6930915715465011,Negative
196,MARUTI,EQ,2018-02-23,8634.05,8665.0,8738.95,8655.05,8706.0,8698.8,8703.19,567960,4943066141.55,60544,325690,57.34,2,2018,8258.189885211155,0.7499377464805113,Slight positive
197,MARUTI,EQ,2018-02-26,8698.8,8758.0,9055.0,8750.05,9050.0,9005.35,8885.19,869374,7724549757.15,86734,445840,51.28,2,2018,8264.053093073273,3.524049294155529,Among top gainers
198,MARUTI,EQ,2018-02-27,9005.35,9093.0,9114.95,8872.6,8889.0,8891.2,8979.17,684609,6147221395.0,75237,259715,37.94,2,2018,8269.280596433246,-1.2675798275469496,Negative
199,MARUTI,EQ,2018-02-28,8891.2,8870.0,8934.0,8772.0,8854.0,8850.95,8857.66,680125,6024319219.35,78550,325306,47.83,2,2018,8273.522671696455,-0.4526947993521713,Slight or No change
200,MARUTI,EQ,2018-03-01,8850.95,8874.0,8936.05,8811.35,8875.2,8873.45,8874.72,609369,5407981971.7,57421,250904,41.17,3,2018,8277.381302054164,0.2542100000564984,Slight or No change
201,MARUTI,EQ,2018-03-05,8873.45,8867.0,8867.0,8775.0,8800.9,8795.1,8815.67,388180,3422067060.4,54455,203811,52.5,3,2018,8279.573158878262,-0.8829711104474613,Slight negative
202,MARUTI,EQ,2018-03-06,8795.1,8855.55,8885.0,8600.0,8621.8,8616.5,8763.87,543686,4764795688.8,65967,276688,50.89,3,2018,8282.319495429914,-2.030676171959389,Negative
203,MARUTI,EQ,2018-03-07,8616.5,8621.8,8713.85,8552.0,8695.0,8679.1,8652.76,598715,5180538685.55,67299,267461,44.67,3,2018,8284.618442408842,0.7265130853594925,Slight positive
204,MARUTI,EQ,2018-03-08,8679.1,8700.2,8775.0,8651.0,8725.2,8729.35,8719.51,533856,4654964405.2,75601,224520,42.06,3,2018,8287.011751717999,0.5789770828772633,Slight positive
205,MARUTI,EQ,2018-03-09,8729.35,8760.0,8774.0,8650.0,8676.9,8660.6,8707.51,323450,2816444505.35,42682,128267,39.66,3,2018,8288.409147489505,-0.787572957894922,Slight negative
206,MARUTI,EQ,2018-03-12,8660.6,8719.0,8826.8,8681.1,8815.0,8810.3,8754.34,438339,3837368675.9,57071,203138,46.34,3,2018,8290.498098088648,1.7285176546659509,Positive
207,MARUTI,EQ,2018-03-13,8810.3,8810.0,8848.0,8691.0,8760.0,8756.05,8753.68,521943,4568924440.65,63425,219674,42.09,3,2018,8292.95766663513,-0.6157565576654589,Slight negative
208,MARUTI,EQ,2018-03-14,8756.05,8735.0,8874.0,8725.05,8850.0,8846.3,8796.27,411769,3622032545.95,36105,142939,34.71,3,2018,8295.057379538073,1.0307159050028325,Positive
209,MARUTI,EQ,2018-03-15,8846.3,8839.9,8875.0,8800.95,8819.8,8837.55,8835.8,313431,2769415105.75,39119,108788,34.71,3,2018,8296.769066465566,-0.09891140928975917,Slight or No change
210,MARUTI,EQ,2018-03-16,8837.55,8869.0,8869.0,8649.4,8692.0,8676.55,8724.13,622932,5434537851.9,78294,383071,61.49,3,2018,8299.440864196149,-1.8217718711633912,Negative
211,MARUTI,EQ,2018-03-19,8676.55,8711.5,8800.0,8703.55,8768.75,8773.5,8756.26,571830,5007090606.75,84389,318933,55.77,3,2018,8302.047582223902,1.1173796036443084,Positive
212,MARUTI,EQ,2018-03-20,8773.5,8764.45,8845.5,8735.0,8809.0,8802.4,8798.05,408924,3597733808.65,47220,196663,48.09,3,2018,8304.063350673869,0.32940103721432745,Slight or No change
213,MARUTI,EQ,2018-03-21,8802.4,8839.9,8945.0,8825.05,8870.0,8874.65,8900.34,516020,4592755850.95,75934,239650,46.44,3,2018,8307.105685773548,0.8207988730346338,Slight positive
214,MARUTI,EQ,2018-03-22,8874.65,8870.0,8910.5,8684.4,8694.0,8696.55,8785.75,471749,4144668071.65,65846,218647,46.35,3,2018,8309.327949275645,-2.006839706354624,Negative
215,MARUTI,EQ,2018-03-23,8696.55,8612.55,8640.5,8542.1,8590.0,8607.25,8599.85,644482,5542448606.8,68284,355558,55.17,3,2018,8311.159064196858,-1.0268439783592265,Negative
216,MARUTI,EQ,2018-03-26,8607.25,8607.0,8798.0,8605.0,8773.0,8765.3,8717.28,447858,3904102884.4,63469,186710,41.69,3,2018,8312.930083936644,1.8362427023729921,Positive
217,MARUTI,EQ,2018-03-27,8765.3,8815.0,8887.0,8767.15,8855.0,8852.3,8835.89,423455,3741602576.15,48066,146170,34.52,3,2018,8315.077500759504,0.9925501694180383,Slight positive
218,MARUTI,EQ,2018-03-28,8852.3,8812.0,9084.0,8801.0,8854.0,8861.1,8934.72,1194227,10670085393.1,139727,464913,38.93,3,2018,8322.17112720298,0.09940919309108232,Slight or No change
219,MARUTI,EQ,2018-04-02,8861.1,8990.0,9088.0,8953.25,9015.0,9008.2,9023.67,552649,4986920471.95,72289,255418,46.22,4,2018,8325.867892654995,1.6600647775107058,Positive
220,MARUTI,EQ,2018-04-03,9008.2,9008.95,9060.0,8955.0,9022.0,9026.45,9007.49,339709,3059925390.95,40301,119707,35.24,4,2018,8328.068749072174,0.20259319286872746,Slight or No change
221,MARUTI,EQ,2018-04-04,9026.45,9078.0,9149.4,8980.6,9011.0,9013.5,9080.88,488280,4434013857.05,49912,146299,29.96,4,2018,8331.546393186898,-0.14346725456853004,Slight or No change
222,MARUTI,EQ,2018-04-05,9013.5,9050.0,9157.65,9050.0,9116.8,9132.6,9112.9,236956,2159356649.75,28727,76031,32.09,4,2018,8333.29411745546,1.3213513063737858,Positive
223,MARUTI,EQ,2018-04-06,9132.6,9165.0,9230.0,9042.55,9195.0,9206.2,9119.91,429514,3917129893.85,40778,162097,37.74,4,2018,8336.470555167505,0.8059041236887721,Slight positive
224,MARUTI,EQ,2018-04-09,9206.2,9220.0,9308.15,9184.7,9304.0,9292.65,9274.91,426170,3952690359.4,46131,175623,41.21,4,2018,8340.215563948308,0.9390410810106165,Slight positive
225,MARUTI,EQ,2018-04-10,9292.65,9290.0,9315.45,9239.0,9253.0,9273.45,9276.95,299119,2774912786.35,39329,101814,34.04,4,2018,8342.831995964521,-0.206614905328395,Slight or No change
226,MARUTI,EQ,2018-04-11,9273.45,9290.0,9350.0,9208.55,9294.0,9302.5,9289.43,318010,2954131698.8,43880,93730,29.47,4,2018,8345.634637695683,0.31325989788049124,Slight or No change
227,MARUTI,EQ,2018-04-12,9302.5,9290.0,9290.0,9181.1,9202.45,9204.45,9229.75,300797,2776281391.05,46854,138743,46.13,4,2018,8348.10368335378,-1.054017737167423,Negative
228,MARUTI,EQ,2018-04-13,9204.45,9267.0,9267.0,9106.25,9126.0,9123.95,9168.37,366224,3357678882.2,43992,133488,36.45,4,2018,8350.883231604872,-0.87457697092167,Slight negative
229,MARUTI,EQ,2018-04-16,9123.95,9100.0,9245.0,9065.0,9223.3,9232.0,9179.58,271057,2488190156.7,30288,72393,26.71,4,2018,8352.956430406608,1.184245858427535,Positive
230,MARUTI,EQ,2018-04-17,9232.0,9241.0,9242.0,9137.55,9162.0,9160.35,9169.1,342578,3141131142.0,58922,177743,51.88,4,2018,8355.528837464766,-0.776104852686299,Slight negative
231,MARUTI,EQ,2018-04-18,9160.35,9178.0,9227.45,9095.9,9130.0,9121.5,9173.66,452854,4154326778.75,35789,288998,63.82,4,2018,8358.923441103145,-0.42411043246164404,Slight or No change
232,MARUTI,EQ,2018-04-19,9121.5,9144.0,9183.75,9068.0,9088.0,9077.65,9113.4,256088,2333833562.6,43040,117010,45.69,4,2018,8360.689580933697,-0.48073233569040363,Slight or No change
233,MARUTI,EQ,2018-04-20,9077.65,9082.0,9108.15,9012.95,9035.75,9025.0,9047.84,303913,2749757415.7,36943,117757,38.75,4,2018,8362.593227771098,-0.5799959240552321,Slight negative
234,MARUTI,EQ,2018-04-23,9025.0,9039.9,9125.0,9005.95,9069.9,9064.85,9075.48,302205,2742656125.3,43912,135333,44.78,4,2018,8364.551678948,0.4415512465373972,Slight or No change
235,MARUTI,EQ,2018-04-24,9064.85,9095.0,9142.55,9031.0,9080.0,9064.65,9083.8,312103,2835079955.85,36510,180395,57.8,4,2018,8366.586550104863,-0.002206324428988271,Slight or No change
236,MARUTI,EQ,2018-04-25,9064.65,9059.0,9068.8,8908.0,8937.0,8934.6,8968.63,488641,4382438065.8,58982,304891,62.4,4,2018,8369.24151276264,-1.4346941139481317,Negative
237,MARUTI,EQ,2018-04-26,8934.6,8949.0,8981.0,8890.0,8945.0,8946.45,8937.26,614321,5490346542.1,49096,337324,54.91,4,2018,8372.373336849814,0.13263044792157785,Slight or No change
238,MARUTI,EQ,2018-04-27,8946.45,9015.0,9137.0,8715.1,8769.0,8783.35,8916.98,1873816,16708770706.55,158265,623399,33.27,4,2018,8381.380879470735,-1.82306948566191,Negative
239,MARUTI,EQ,2018-04-30,8783.35,8790.0,8904.2,8760.3,8808.85,8814.95,8816.14,497504,4386065721.25,64158,246088,49.46,4,2018,8383.281689736908,0.35977161333660135,Slight or No change
240,MARUTI,EQ,2018-05-02,8814.95,8915.0,8998.0,8725.0,8765.15,8744.5,8855.06,806846,7144666042.65,118240,474314,58.79,5,2018,8386.603337378425,-0.7992104322769866,Slight negative
241,MARUTI,EQ,2018-05-03,8744.5,8765.0,8799.0,8700.0,8759.0,8755.95,8738.32,406825,3554968621.05,56850,212806,52.31,5,2018,8387.8475267482,0.1309394476528114,Slight or No change
242,MARUTI,EQ,2018-05-04,8755.95,8784.0,8790.0,8665.0,8680.0,8678.2,8698.54,490244,4264408377.6,72979,275662,56.23,5,2018,8389.166334647043,-0.8879676105962186,Slight negative
243,MARUTI,EQ,2018-05-07,8678.2,8693.0,8770.0,8660.0,8736.05,8743.7,8717.56,342702,2987524031.25,63174,194177,56.66,5,2018,8390.13788021529,0.7547648129796469,Slight positive
244,MARUTI,EQ,2018-05-08,8743.7,8785.0,8806.2,8690.0,8770.15,8775.2,8764.95,404969,3549534588.5,44865,245637,60.66,5,2018,8391.44366473961,0.3602593867584769,Slight or No change
245,MARUTI,EQ,2018-05-09,8775.2,8795.0,8795.0,8705.0,8720.85,8718.35,8726.68,314057,2740676243.95,51561,196209,62.48,5,2018,8392.346947876815,-0.6478484820858776,Slight negative
246,MARUTI,EQ,2018-05-10,8718.35,8758.0,8758.0,8690.0,8708.55,8704.95,8712.78,298598,2601619415.45,48550,189158,63.35,5,2018,8393.165747008092,-0.15369880768723032,Slight or No change
247,MARUTI,EQ,2018-05-11,8704.95,8738.0,8765.0,8702.05,8721.6,8750.3,8730.04,264405,2308265686.65,38803,150831,57.05,5,2018,8393.926264306212,0.5209679550140844,Slight positive
248,MARUTI,EQ,2018-05-14,8750.3,8751.0,8760.0,8688.1,8702.35,8707.0,8717.46,276620,2411424056.1,47216,172581,62.39,5,2018,8394.688606973137,-0.4948401769082067,Slight or No change
249,MARUTI,EQ,2018-05-15,8707.0,8725.0,8750.35,8639.0,8725.0,8726.6,8719.2,506107,4412846810.9,66001,337807,66.75,5,2018,8396.081606927555,0.2251062363615608,Slight or No change
250,MARUTI,EQ,2018-05-16,8726.6,8675.0,8733.45,8675.0,8695.6,8695.6,8705.02,288597,2512241648.45,63410,174919,60.61,5,2018,8396.835970573367,-0.3552357160864439,Slight or No change
251,MARUTI,EQ,2018-05-17,8695.6,8725.0,8766.45,8661.2,8672.0,8697.5,8726.05,379606,3312461898.35,46952,225105,59.3,5,2018,8397.889958948377,0.021850131100786818,Slight or No change
252,MARUTI,EQ,2018-05-18,8697.5,8700.8,8725.0,8496.0,8518.0,8510.95,8587.18,603507,5182421772.5,65350,401133,66.47,5,2018,8398.848541676163,-2.144869215291745,Negative
253,MARUTI,EQ,2018-05-21,8510.95,8518.0,8524.8,8255.5,8434.95,8428.5,8380.22,872463,7311434968.9,107122,515676,59.11,5,2018,8398.713154497435,-0.9687520194572974,Slight negative
254,MARUTI,EQ,2018-05-22,8428.5,8416.0,8586.4,8371.25,8556.1,8560.65,8508.98,410467,3492656122.4,57096,204839,49.9,5,2018,8399.088898826632,1.5678946431749274,Positive
255,MARUTI,EQ,2018-05-23,8560.65,8560.0,8564.8,8458.2,8482.0,8497.4,8504.3,399631,3398583196.9,65778,261968,65.55,5,2018,8399.43679650282,-0.7388457652164226,Slight negative
256,MARUTI,EQ,2018-05-24,8497.4,8500.1,8518.3,8400.0,8429.0,8410.75,8430.91,292331,2464616797.3,32920,155733,53.27,5,2018,8399.512741189923,-1.0197236801845255,Negative
257,MARUTI,EQ,2018-05-25,8410.75,8412.0,8574.0,8395.15,8564.0,8548.15,8487.93,519151,4406518426.05,67053,286141,55.12,5,2018,8399.890013764703,1.6336236364176804,Positive
258,MARUTI,EQ,2018-05-28,8548.15,8560.0,8785.0,8555.1,8710.0,8709.3,8700.69,446264,3882802865.5,63851,168473,37.75,5,2018,8400.9892831431,1.8852032311084788,Positive
259,MARUTI,EQ,2018-05-29,8709.3,8718.0,8840.0,8680.0,8704.65,8714.9,8775.99,665121,5837092839.75,70286,305624,45.95,5,2018,8403.020742605206,0.06429908258986927,Slight or No change
260,MARUTI,EQ,2018-05-30,8714.9,8669.0,8669.0,8572.85,8587.65,8588.2,8603.9,508262,4373033452.95,83679,322767,63.5,5,2018,8403.848883104409,-1.453831942994166,Negative
261,MARUTI,EQ,2018-05-31,8588.2,8639.0,8639.1,8515.9,8552.05,8537.2,8550.12,679959,5813733680.95,73456,320942,47.2,5,2018,8404.65117783073,-0.5938380568687229,Slight negative
262,MARUTI,EQ,2018-06-01,8537.2,8610.0,8848.4,8590.05,8798.0,8808.85,8752.36,1002010,8769949766.5,100027,303175,30.26,6,2018,8407.439122634725,3.1819566134095423,Among top gainers
263,MARUTI,EQ,2018-06-04,8808.85,8840.0,8840.0,8726.05,8746.0,8749.85,8762.81,380690,3335912407.8,56992,186961,49.11,6,2018,8408.51838925005,-0.669780958921995,Slight negative
264,MARUTI,EQ,2018-06-05,8749.85,8750.0,8830.0,8680.0,8825.0,8810.4,8782.85,400886,3520921844.4,43772,195184,48.69,6,2018,8409.711734525828,0.6920118630604932,Slight positive
265,MARUTI,EQ,2018-06-06,8810.4,8829.0,8870.0,8810.0,8830.0,8842.35,8845.48,328784,2908253790.8,45366,125180,38.07,6,2018,8410.848107746568,0.36263960773632586,Slight or No change
266,MARUTI,EQ,2018-06-07,8842.35,8874.0,8934.8,8865.0,8908.0,8911.25,8907.55,267961,2386874831.15,33259,125833,46.96,6,2018,8411.901524160301,0.7792046232053762,Slight positive
267,MARUTI,EQ,2018-06-08,8911.25,8894.0,8950.0,8871.0,8945.0,8932.45,8909.74,287823,2564428591.35,32321,118532,41.18,6,2018,8413.033034228682,0.2379015289662112,Slight or No change
268,MARUTI,EQ,2018-06-11,8932.45,8960.0,9046.0,8921.5,9034.95,9022.65,8995.01,337828,3038766590.95,55837,180719,53.49,6,2018,8414.5814545908,1.00980134229689,Positive
269,MARUTI,EQ,2018-06-12,9022.65,9039.0,9065.0,8955.0,9016.75,9016.75,9024.47,343452,3099471196.05,43633,128578,37.44,6,2018,8416.226700496982,-0.06539098823515888,Slight or No change
270,MARUTI,EQ,2018-06-13,9016.75,9030.0,9094.95,8943.0,8960.0,8967.35,9042.7,369407,3340435062.7,45044,134992,36.54,6,2018,8418.03914078487,-0.54786924335265,Slight negative
271,MARUTI,EQ,2018-06-14,8967.35,8932.05,9019.95,8908.0,8986.25,8958.0,8957.01,269078,2410133955.85,38691,131057,48.71,6,2018,8419.172546123482,-0.10426714692747252,Slight or No change
272,MARUTI,EQ,2018-06-15,8958.0,8995.0,8995.0,8901.0,8965.0,8951.6,8940.05,496572,4439377719.3,57928,283835,57.16,6,2018,8421.186165615598,-0.07144451886581527,Slight or No change
273,MARUTI,EQ,2018-06-18,8951.6,8947.5,9050.4,8937.95,8973.5,8973.45,9006.03,305144,2748134825.9,48765,148846,48.78,6,2018,8422.572199682758,0.24409044193216545,Slight or No change
274,MARUTI,EQ,2018-06-19,8973.45,8970.0,8984.8,8820.05,8849.0,8862.6,8883.62,350407,3112883419.95,51603,177760,50.73,6,2018,8423.82351733812,-1.235310833625869,Negative
275,MARUTI,EQ,2018-06-20,8862.6,8873.0,8970.0,8863.0,8945.5,8948.3,8926.33,325981,2909814170.9,60896,168669,51.74,6,2018,8425.089091619388,0.9669848577166906,Slight positive
276,MARUTI,EQ,2018-06-21,8948.3,8978.0,8986.0,8852.95,8860.0,8863.05,8890.24,313349,2785748276.9,41271,165984,52.97,6,2018,8426.21246918158,-0.9526949252930739,Slight negative
277,MARUTI,EQ,2018-06-22,8863.05,8865.0,8887.0,8810.0,8866.0,8874.9,8849.51,319027,2823231340.05,40213,123596,38.74,6,2018,8427.250738886456,0.1337011525377907,Slight or No change
278,MARUTI,EQ,2018-06-25,8874.9,8869.0,8869.0,8780.0,8792.0,8793.0,8808.49,254954,2245760061.7,37727,149754,58.74,6,2018,8427.996579431347,-0.9228272994625253,Slight negative
279,MARUTI,EQ,2018-06-26,8793.0,8793.0,8985.35,8750.0,8920.0,8931.35,8894.8,387769,3449127473.75,53269,178999,46.16,6,2018,8429.381431334465,1.5734106675764803,Positive
280,MARUTI,EQ,2018-06-27,8931.35,8935.95,9012.0,8873.0,8879.2,8898.3,8944.28,501622,4486650022.05,55762,286553,57.13,6,2018,8431.349911154715,-0.37004484204516963,Slight or No change
281,MARUTI,EQ,2018-06-28,8898.3,8892.0,8894.05,8735.05,8760.05,8771.3,8829.7,376404,3323533134.4,47478,199015,52.87,6,2018,8432.489393952479,-1.4272389108031858,Negative
282,MARUTI,EQ,2018-06-29,8771.3,8750.3,8900.0,8750.3,8815.3,8825.6,8828.9,458807,4050760567.45,53434,208040,45.34,6,2018,8433.866769252916,0.6190644488274444,Slight positive
283,MARUTI,EQ,2018-07-02,8825.6,8878.0,8935.0,8800.05,8806.3,8821.05,8853.08,298529,2642901128.7,37422,117164,39.25,7,2018,8434.812391648313,-0.05155456852793394,Slight or No change
284,MARUTI,EQ,2018-07-03,8821.05,8825.0,8995.0,8750.0,8988.75,8975.15,8923.42,375718,3352689812.95,47597,157476,41.91,7,2018,8436.195598954722,1.7469575617415245,Positive
285,MARUTI,EQ,2018-07-04,8975.15,9014.0,9249.25,8952.5,9224.95,9220.8,9113.47,656141,5979721222.6,69720,331966,50.59,7,2018,8439.52744635611,2.737001610000944,Positive
286,MARUTI,EQ,2018-07-05,9220.8,9228.0,9395.0,9225.75,9345.1,9347.05,9314.16,887919,8270217041.75,78918,489549,55.13,7,2018,8445.311610582385,1.369187055353116,Positive
287,MARUTI,EQ,2018-07-06,9347.05,9315.0,9413.95,9260.0,9310.0,9317.5,9358.18,508241,4756210487.45,58785,156868,30.86,7,2018,8448.754147615027,-0.3161425262515949,Slight or No change
288,MARUTI,EQ,2018-07-09,9317.5,9395.0,9419.85,9350.0,9368.0,9374.9,9383.82,331872,3114225789.6,41013,173053,52.14,7,2018,8451.051065352905,0.6160450764689962,Slight positive
289,MARUTI,EQ,2018-07-10,9374.9,9380.0,9545.9,9380.0,9540.0,9531.0,9479.88,485745,4604803092.75,79830,227565,46.85,7,2018,8454.736812183097,1.6650844275672316,Positive
290,MARUTI,EQ,2018-07-11,9531.0,9529.0,9529.35,9361.0,9390.95,9384.7,9443.81,328446,3101782445.75,56681,140558,42.79,7,2018,8457.126909885774,-1.5349910817332835,Negative
291,MARUTI,EQ,2018-07-12,9384.7,9448.0,9508.0,9325.25,9355.0,9347.0,9423.58,336960,3175370321.0,51403,119661,35.51,7,2018,8459.516960130906,-0.40171768943068065,Slight or No change
292,MARUTI,EQ,2018-07-13,9347.0,9408.0,9495.0,9362.25,9399.55,9431.05,9431.65,511150,4820987998.4,58259,204944,40.09,7,2018,8463.150214433868,0.8992190007488965,Slight positive
293,MARUTI,EQ,2018-07-16,9431.05,9429.0,9498.9,9355.0,9383.0,9385.3,9422.16,216426,2039199756.65,30569,58463,27.01,7,2018,8464.66540581501,-0.48509975029291663,Slight or No change
294,MARUTI,EQ,2018-07-17,9385.3,9351.15,9479.7,9347.0,9439.7,9445.4,9413.01,457123,4302905448.3,55263,311499,68.14,7,2018,8467.819592531385,0.6403631210510019,Slight positive
295,MARUTI,EQ,2018-07-18,9445.4,9482.3,9534.0,9296.9,9371.15,9366.8,9425.0,430624,4058630035.2,64268,155299,36.06,7,2018,8470.809251042941,-0.8321511000063508,Slight negative
296,MARUTI,EQ,2018-07-19,9366.8,9408.0,9434.0,9350.0,9392.0,9389.1,9396.82,199983,1879204115.8,32778,66823,33.41,7,2018,8472.150499284588,0.23807490284837307,Slight or No change
297,MARUTI,EQ,2018-07-20,9389.1,9392.0,9464.0,9335.0,9400.0,9398.95,9412.41,272916,2568797344.7,39966,84923,31.12,7,2018,8474.00539367136,0.10490888370557894,Slight or No change
298,MARUTI,EQ,2018-07-23,9398.95,9448.0,9750.0,9372.0,9703.6,9701.0,9583.03,607813,5824690783.9,75407,251600,41.39,7,2018,8478.856599757582,3.213656844647539,Among top gainers
299,MARUTI,EQ,2018-07-24,9701.0,9778.0,9929.0,9725.0,9842.0,9832.45,9850.96,749626,7384534260.35,96801,307586,41.03,7,2018,8486.219236312323,1.3550149469127026,Positive
300,MARUTI,EQ,2018-07-25,9832.45,9853.0,9875.85,9701.0,9769.0,9758.95,9770.8,384750,3759314567.95,51181,130726,33.98,7,2018,8489.747389839502,-0.747524777649522,Slight negative
301,MARUTI,EQ,2018-07-26,9758.95,9819.8,9831.7,9361.0,9390.0,9396.25,9510.08,1261317,11995230624.35,151687,380582,30.17,7,2018,8498.852403352099,-3.716588362477524,Among top losers
302,MARUTI,EQ,2018-07-27,9396.25,9402.0,9442.2,9290.0,9318.0,9310.4,9355.78,672141,6288400289.3,90158,289801,43.12,7,2018,8502.908037803449,-0.9136623653053122,Slight negative
303,MARUTI,EQ,2018-07-30,9310.4,9320.0,9404.5,9233.0,9390.0,9381.9,9314.18,539464,5024665757.6,67499,259494,48.1,7,2018,8505.978025690534,0.7679584120982907,Slight positive
304,MARUTI,EQ,2018-07-31,9381.9,9400.0,9548.85,9355.0,9535.0,9520.55,9475.97,426388,4040440867.0,54998,199298,46.74,7,2018,8508.87059528281,1.477845638943065,Positive
305,MARUTI,EQ,2018-08-01,9520.55,9535.0,9587.75,9300.0,9327.0,9341.6,9378.71,700719,6571840183.1,100095,284369,40.58,8,2018,8513.112594085569,-1.8796182993629507,Negative
306,MARUTI,EQ,2018-08-02,9341.6,9327.0,9327.0,9120.0,9129.4,9142.4,9183.33,875157,8036853056.25,130492,538853,61.57,8,2018,8517.170033753076,-2.1323970197824837,Negative
307,MARUTI,EQ,2018-08-03,9142.4,9150.0,9230.0,9150.0,9195.0,9187.0,9190.74,470958,4328450900.75,55423,221424,47.02,8,2018,8519.357305376576,0.4878368918445952,Slight or No change
308,MARUTI,EQ,2018-08-06,9187.0,9247.5,9300.0,9200.0,9287.0,9286.4,9270.91,237693,2203630186.75,35886,92801,39.04,8,2018,8520.587014708526,1.0819636442799485,Positive
309,MARUTI,EQ,2018-08-07,9286.4,9316.0,9420.0,9271.0,9409.0,9411.5,9353.03,381993,3572792629.85,50950,178590,46.75,8,2018,8522.770227369474,1.3471312887663789,Positive
310,MARUTI,EQ,2018-08-08,9411.5,9449.0,9449.0,9183.05,9210.0,9207.4,9293.66,638498,5933983086.6,88880,393005,61.55,8,2018,8526.134864913567,-2.168623492535726,Negative
311,MARUTI,EQ,2018-08-09,9207.4,9239.0,9239.0,9060.0,9146.0,9146.05,9129.02,651728,5949637962.85,87329,365023,56.01,8,2018,8528.80883724744,-0.6663118795751322,Slight negative
312,MARUTI,EQ,2018-08-10,9146.05,9150.0,9210.0,9105.0,9119.9,9148.25,9160.32,427827,3919031429.3,53676,155886,36.44,8,2018,8530.642175255383,0.024054099857329092,Slight or No change
313,MARUTI,EQ,2018-08-13,9148.25,9119.45,9185.0,9012.2,9107.0,9080.85,9118.51,348201,3175074577.65,43632,137134,39.38,8,2018,8532.027903580076,-0.736752930888418,Slight negative
314,MARUTI,EQ,2018-08-14,9080.85,9079.0,9158.8,9046.25,9135.0,9132.6,9113.52,344056,3135562091.85,44020,169223,49.18,8,2018,8533.379138873848,0.5698805728538536,Slight positive
315,MARUTI,EQ,2018-08-16,9132.6,9124.0,9235.95,9085.0,9202.2,9200.55,9185.68,465479,4275741566.55,64361,262992,56.5,8,2018,8535.423430592387,0.7440378424544924,Slight positive
316,MARUTI,EQ,2018-08-17,9200.55,9243.0,9286.5,9130.0,9149.95,9152.1,9214.55,477538,4400297534.15,54995,197799,41.42,8,2018,8537.599934222242,-0.5265989533234317,Slight negative
317,MARUTI,EQ,2018-08-20,9152.1,9170.7,9217.8,9062.0,9075.0,9074.35,9106.91,449317,4091890845.85,67184,248454,55.3,8,2018,8539.3115048455,-0.8495318014444808,Slight negative
319,MARUTI,EQ,2018-08-21,9074.35,9110.0,9130.0,9050.4,9110.1,9113.3,9096.64,380824,3464218300.9,51706,225278,59.16,8,2018,8540.728027252577,0.4292318458071209,Slight or No change
320,MARUTI,EQ,2018-08-23,9113.3,9145.0,9256.0,9100.1,9225.15,9223.3,9184.06,751705,6903705046.15,81564,275298,36.62,8,2018,8543.939447200662,1.2070270922717397,Positive
321,MARUTI,EQ,2018-08-24,9223.3,9240.0,9279.9,9142.1,9163.0,9163.8,9201.91,401110,3690976213.1,53533,171518,42.76,8,2018,8545.68739798306,-0.6451053310637223,Slight negative
322,MARUTI,EQ,2018-08-27,9163.8,9209.0,9274.0,9200.0,9255.0,9245.25,9247.24,326945,3023339810.95,53735,200394,61.29,8,2018,8547.203242989326,0.8888234138676232,Slight positive
323,MARUTI,EQ,2018-08-28,9245.25,9277.55,9446.5,9215.0,9407.4,9427.95,9373.68,684054,6412101534.8,77077,312745,45.72,8,2018,8550.922720846902,1.9761499148211348,Positive
324,MARUTI,EQ,2018-08-29,9427.95,9421.0,9468.3,9339.65,9354.75,9368.1,9397.28,433440,4073155249.7,49961,162981,37.6,8,2018,8553.329337914503,-0.6348145673237604,Slight negative
325,MARUTI,EQ,2018-08-30,9368.1,9370.0,9370.0,9182.65,9215.0,9205.8,9263.86,674292,6246546645.2,74010,445523,66.07,8,2018,8556.458573133634,-1.7324751016748463,Negative
326,MARUTI,EQ,2018-08-31,9205.8,9208.0,9255.0,9080.3,9099.0,9096.4,9149.81,634522,5805757420.15,74988,327834,51.67,8,2018,8558.90746672454,-1.1883812379152259,Negative
327,MARUTI,EQ,2018-09-03,9096.4,9100.0,9118.95,8875.0,8876.0,8902.15,8976.04,992161,8905677307.2,102638,624156,62.91,9,2018,8561.58215855753,-2.135460182050042,Negative
328,MARUTI,EQ,2018-09-04,8902.15,8912.0,8999.0,8835.45,8890.9,8868.5,8914.14,530967,4733116695.35,74198,224155,42.22,9,2018,8562.787826494457,-0.3779985733783353,Slight or No change
329,MARUTI,EQ,2018-09-05,8868.5,8871.0,8950.0,8790.6,8935.0,8896.1,8849.61,491163,4346599744.35,69587,254032,51.72,9,2018,8563.692301324758,0.31121384676100483,Slight or No change
330,MARUTI,EQ,2018-09-06,8896.1,8967.7,8967.7,8741.0,8754.5,8759.85,8797.28,687535,6048435827.85,110563,382191,55.59,9,2018,8564.718874830005,-1.5315700138262889,Negative
331,MARUTI,EQ,2018-09-07,8759.85,8775.0,8789.0,8634.25,8714.9,8719.2,8717.15,636918,5552108857.05,96643,233414,36.65,9,2018,8565.336945185394,-0.46404904193564356,Slight or No change
332,MARUTI,EQ,2018-09-10,8719.2,8700.0,8750.0,8625.0,8634.85,8639.4,8660.35,577299,4999612605.3,82186,314475,54.47,9,2018,8565.684858962939,-0.9152215799614782,Slight negative
333,MARUTI,EQ,2018-09-11,8639.4,8668.0,8699.9,8479.6,8485.0,8517.05,8583.77,552622,4743582215.15,65367,207098,37.48,9,2018,8565.748029995164,-1.4161863092344462,Negative
334,MARUTI,EQ,2018-09-12,8517.05,8539.0,8539.0,8401.0,8505.0,8493.95,8474.03,634678,5378278314.0,95051,303824,47.87,9,2018,8565.381560930065,-0.2712206691283803,Slight or No change
335,MARUTI,EQ,2018-09-14,8493.95,8593.0,8700.0,8580.35,8600.15,8626.7,8650.71,754169,6524093706.35,93703,451614,59.88,9,2018,8565.78477394896,1.5628771066464875,Positive
336,MARUTI,EQ,2018-09-17,8626.7,8587.0,8659.7,8517.0,8520.0,8537.8,8571.77,422191,3618924481.7,50692,222138,52.62,9,2018,8565.800565117122,-1.0305215203959994,Negative
337,MARUTI,EQ,2018-09-18,8537.8,8537.7,8596.5,8380.2,8395.0,8399.15,8479.84,507455,4303137820.45,72260,263189,51.86,9,2018,8565.52882955619,-1.623954648738546,Negative
338,MARUTI,EQ,2018-09-19,8399.15,8425.5,8448.4,8191.05,8202.0,8210.35,8294.38,959340,7957128662.95,123995,572189,59.64,9,2018,8563.918027124018,-2.247846508277618,Negative
339,MARUTI,EQ,2018-09-21,8210.35,8260.0,8325.0,7599.65,8044.0,8040.15,8106.09,1646047,13343010403.2,155883,760121,46.18,9,2018,8559.298450023045,-2.0729932341495894,Negative
340,MARUTI,EQ,2018-09-24,8040.15,8070.0,8070.0,7590.7,7793.1,7793.05,7756.61,1801469,13973286680.35,218317,1004631,55.77,9,2018,8550.531231687839,-3.0733257464101937,Among top losers
341,MARUTI,EQ,2018-09-25,7793.05,7750.0,8018.25,7680.0,8001.0,7999.45,7899.77,1159438,9159291584.6,125218,393299,33.92,9,2018,8545.988522376467,2.6485137398066128,Positive
342,MARUTI,EQ,2018-09-26,7999.45,8075.0,8089.9,7822.55,7835.05,7842.55,7903.25,754963,5966663079.8,88383,376207,49.83,9,2018,8543.08024264695,-1.9613848452081029,Negative
343,MARUTI,EQ,2018-09-27,7842.55,7850.0,7878.0,7510.2,7584.0,7553.05,7630.87,1594739,12169245444.3,147460,1001798,62.82,9,2018,8534.44390774602,-3.69140139367935,Among top losers
344,MARUTI,EQ,2018-09-28,7553.05,7620.0,7648.2,7292.65,7320.5,7347.95,7438.2,1413254,10512062542.95,154117,685050,48.47,9,2018,8525.322880037296,-2.7154593177590503,Negative
345,MARUTI,EQ,2018-10-01,7347.95,7354.0,7485.0,7206.0,7465.0,7463.95,7349.5,1034603,7603819539.55,115011,386469,37.35,10,2018,8518.20427781282,1.5786716022836211,Positive
346,MARUTI,EQ,2018-10-03,7463.95,7400.0,7410.7,7211.0,7217.0,7246.0,7294.28,1148091,8374496827.45,163628,524425,45.68,10,2018,8510.036535806386,-2.9200356379664894,Negative
347,MARUTI,EQ,2018-10-04,7246.0,7150.0,7288.0,7021.0,7155.3,7198.75,7178.1,1104174,7925874609.25,145923,455056,41.21,10,2018,8501.54250669393,-0.6520839083632324,Slight negative
348,MARUTI,EQ,2018-10-05,7198.75,7054.8,7220.0,6801.85,6826.0,6904.35,7032.74,1481376,10418136537.6,165927,667898,45.09,10,2018,8489.082407582206,-4.089598888695944,Among top losers
349,MARUTI,EQ,2018-10-08,6904.35,6915.0,6989.0,6774.25,6877.0,6889.75,6895.52,1393849,9611312576.3,164404,518841,37.22,10,2018,8476.463410495218,-0.2114608905979587,Slight or No change
350,MARUTI,EQ,2018-10-09,6889.75,6819.75,6940.0,6661.0,6675.0,6699.45,6793.47,1079041,7330430274.5,139061,393803,36.5,10,2018,8466.209106383909,-2.762074095576761,Negative
351,MARUTI,EQ,2018-10-10,6699.45,6748.0,7050.0,6723.25,6997.0,6985.85,6943.34,1162309,8070302445.8,138552,391289,33.66,10,2018,8456.279569052644,4.27497779668482,Among top gainers
352,MARUTI,EQ,2018-10-11,6985.85,6800.0,6950.0,6705.2,6886.0,6875.5,6840.64,869569,5948409775.9,110684,310700,35.73,10,2018,8448.436609179455,-1.5796216637918081,Negative
353,MARUTI,EQ,2018-10-12,6875.5,6950.0,7326.0,6950.0,7303.0,7287.2,7202.65,1053651,7589082389.55,156061,360349,34.2,10,2018,8441.151688125432,5.987928150679944,Among top gainers
354,MARUTI,EQ,2018-10-15,7287.2,7320.0,7340.0,7126.05,7166.0,7182.0,7196.72,682234,4909845694.8,91140,161286,23.64,10,2018,8436.457639825863,-1.4436271819080027,Negative
355,MARUTI,EQ,2018-10-16,7182.0,7214.0,7278.0,7123.8,7137.55,7150.9,7201.98,637012,4587748717.3,78853,226371,35.54,10,2018,8432.125055022185,-0.4330270119743851,Slight or No change
356,MARUTI,EQ,2018-10-17,7150.9,7237.65,7245.0,6853.45,6901.0,6885.6,7003.51,1021019,7150719634.25,137424,394795,38.67,10,2018,8424.13354107942,-3.710022514648492,Among top losers
357,MARUTI,EQ,2018-10-19,6885.6,6830.0,6965.0,6715.5,6760.0,6756.45,6808.89,903940,6154829122.4,128810,376259,41.62,10,2018,8416.1735584146,-1.8756535378180672,Negative
358,MARUTI,EQ,2018-10-22,6756.45,6818.0,6905.0,6722.05,6827.0,6812.2,6828.04,774016,5285012306.1,81920,291472,37.66,10,2018,8409.500226648624,0.8251374612407325,Slight positive
359,MARUTI,EQ,2018-10-23,6812.2,6779.0,6857.0,6666.0,6785.0,6771.3,6761.6,734440,4965990372.5,107060,294847,40.15,10,2018,8402.955901956437,-0.6003934118199661,Slight negative
360,MARUTI,EQ,2018-10-24,6771.3,6850.0,6885.0,6690.0,6750.05,6768.3,6769.63,681526,4613678882.85,82132,218529,32.06,10,2018,8396.958883787762,-0.04430463869566914,Slight or No change
361,MARUTI,EQ,2018-10-25,6768.3,6700.0,6853.7,6620.2,6725.0,6723.2,6715.7,2101936,14115967044.9,212468,621554,29.57,10,2018,8378.133499226278,-0.6663416219730212,Slight negative
362,MARUTI,EQ,2018-10-26,6723.2,6750.0,6795.0,6500.0,6705.0,6717.3,6709.99,874526,5868056515.7,107735,242307,27.71,10,2018,8370.398195514379,-0.0877558305568682,Slight or No change
363,MARUTI,EQ,2018-10-29,6717.3,6722.0,6810.0,6691.05,6800.0,6798.7,6757.99,505428,3415675984.45,60608,125596,24.85,10,2018,8366.08853371253,1.2117964062941855,Positive
364,MARUTI,EQ,2018-10-30,6798.7,6798.0,6868.95,6675.2,6687.4,6697.0,6777.51,771389,5228095858.15,92315,299092,38.77,10,2018,8359.634621899013,-1.495874211246262,Negative
365,MARUTI,EQ,2018-10-31,6697.0,6760.0,6760.0,6500.0,6600.0,6616.4,6587.75,1315746,8667803735.7,156184,516444,39.25,10,2018,8347.440535933809,-1.2035239659549113,Negative
366,MARUTI,EQ,2018-11-01,6616.4,6648.95,6739.95,6600.0,6702.0,6711.75,6680.99,842039,5625656731.95,105325,234784,27.88,11,2018,8340.133220771997,1.4411160147512314,Positive
367,MARUTI,EQ,2018-11-02,6711.75,6769.8,7159.0,6750.05,7135.5,7135.45,7012.52,1834118,12861783274.75,186815,637470,34.76,11,2018,8327.572814911713,6.312809624911542,Among top gainers
368,MARUTI,EQ,2018-11-05,7135.45,7138.0,7254.7,7060.05,7165.0,7177.25,7187.58,1040315,7477343532.5,124693,367060,35.28,11,2018,8321.487998067169,0.585807482359213,Slight positive
369,MARUTI,EQ,2018-11-06,7177.25,7195.0,7238.0,7050.0,7059.0,7075.0,7131.54,667413,4759685186.85,73701,214358,32.12,11,2018,8317.427133044866,-1.4246403566825716,Negative
370,MARUTI,EQ,2018-11-07,7075.0,7140.0,7143.0,7090.0,7119.0,7127.9,7124.05,127507,908366502.2,16406,42281,33.16,11,2018,8316.649589727187,0.7477031802120004,Slight positive
371,MARUTI,EQ,2018-11-09,7127.9,7130.0,7315.0,7040.85,7276.45,7283.5,7235.45,986090,7134800150.0,133000,398978,40.46,11,2018,8311.228926319347,2.1829711415704445,Positive
372,MARUTI,EQ,2018-11-12,7283.5,7300.0,7352.5,7052.0,7057.7,7087.8,7193.93,687443,4945417990.6,87178,215795,31.39,11,2018,8307.337392503772,-2.686895036726844,Negative
373,MARUTI,EQ,2018-11-13,7087.8,7049.95,7168.75,7021.0,7140.0,7150.45,7117.04,572295,4073044268.9,73260,105195,18.38,11,2018,8303.89601180414,0.8839132029684782,Slight positive
374,MARUTI,EQ,2018-11-14,7150.45,7180.1,7409.0,7180.1,7350.2,7369.05,7300.09,1112945,8124599471.15,131257,414038,37.2,11,2018,8298.283648328425,3.0571502492850122,Among top gainers
375,MARUTI,EQ,2018-11-15,7369.05,7378.9,7515.1,7333.55,7459.6,7478.3,7454.84,1048278,7814741020.1,125768,433751,41.38,11,2018,8293.865159613417,1.4825520250235869,Positive
376,MARUTI,EQ,2018-11-16,7478.3,7500.0,7544.05,7302.55,7340.0,7341.2,7422.99,806420,5986049737.6,99480,264918,32.85,11,2018,8290.369640182635,-1.8333043606167276,Negative
377,MARUTI,EQ,2018-11-19,7341.2,7360.0,7449.0,7290.0,7444.75,7411.65,7356.99,577408,4247982872.25,80709,179405,31.07,11,2018,8287.694852575616,0.9596523729090478,Slight positive
378,MARUTI,EQ,2018-11-20,7411.65,7411.65,7444.5,7311.65,7323.6,7333.95,7374.4,637243,4699286893.65,83909,188564,29.59,11,2018,8284.81551287797,-1.048349557790773,Negative
379,MARUTI,EQ,2018-11-21,7333.95,7340.0,7466.0,7331.5,7419.0,7424.5,7394.39,701156,5184621116.15,85499,244433,34.86,11,2018,8281.737395652577,1.234668902842273,Positive
380,MARUTI,EQ,2018-11-22,7424.5,7393.95,7480.0,7361.2,7390.05,7411.1,7427.17,668352,4963962368.85,93783,211052,31.58,11,2018,8278.93069720835,-0.1804835342447242,Slight or No change
381,MARUTI,EQ,2018-11-26,7411.1,7425.0,7577.75,7387.3,7565.0,7554.7,7492.68,899481,6739526984.3,101376,319149,35.48,11,2018,8275.470651727908,1.9376340894064148,Positive
382,MARUTI,EQ,2018-11-27,7554.7,7570.0,7657.8,7500.75,7650.0,7647.6,7594.62,783389,5949540660.2,88904,260971,33.31,11,2018,8272.871110244938,1.2296980687519055,Positive
383,MARUTI,EQ,2018-11-28,7647.6,7658.0,7680.5,7549.6,7550.2,7574.2,7612.09,686734,5227477889.45,72251,261793,38.12,11,2018,8270.666852185966,-0.9597782310790337,Slight negative
384,MARUTI,EQ,2018-11-29,7574.2,7613.0,7642.0,7531.0,7546.8,7546.75,7578.45,725583,5498794474.3,60407,361074,49.76,11,2018,8268.235669831936,-0.36241451242374767,Slight or No change
385,MARUTI,EQ,2018-11-30,7546.75,7574.0,7727.0,7570.05,7649.0,7661.6,7665.85,869715,6667108302.9,99703,336489,38.69,11,2018,8265.710355816158,1.5218471527478794,Positive
386,MARUTI,EQ,2018-12-03,7661.6,7688.5,7800.0,7630.1,7773.8,7779.95,7714.77,772869,5962508014.65,81780,223486,28.92,12,2018,8263.665515648925,1.544716508301125,Positive
387,MARUTI,EQ,2018-12-04,7779.95,7780.0,7784.95,7701.0,7715.0,7721.65,7730.29,551195,4260896474.6,70895,188286,34.16,12,2018,8262.257397227337,-0.749362142430221,Slight negative
388,MARUTI,EQ,2018-12-05,7721.65,7696.7,7739.9,7520.0,7546.9,7554.05,7639.45,704296,5380436339.15,80941,300147,42.62,12,2018,8260.163538988121,-2.170520549364441,Negative
389,MARUTI,EQ,2018-12-06,7554.05,7450.05,7486.3,7180.0,7201.0,7209.7,7277.83,1339030,9745230364.85,150020,457201,34.14,12,2018,8253.924460537468,-4.55848187396165,Among top losers
390,MARUTI,EQ,2018-12-07,7209.7,7244.0,7349.95,7201.0,7315.1,7313.95,7288.07,688881,5020610745.6,73287,166833,24.22,12,2018,8250.778811107348,1.4459686256016235,Positive
391,MARUTI,EQ,2018-12-10,7313.95,7200.0,7395.0,7170.0,7325.0,7350.5,7315.0,785024,5742450933.3,89077,242388,30.88,12,2018,8247.318607055402,0.4997299680747025,Slight or No change
392,MARUTI,EQ,2018-12-11,7350.5,7240.5,7346.0,7215.55,7305.0,7305.35,7281.39,843166,6139420477.95,104002,288500,34.22,12,2018,8243.497560913827,-0.6142439289844148,Slight negative
393,MARUTI,EQ,2018-12-12,7305.35,7340.0,7507.3,7295.0,7464.5,7471.85,7455.41,643037,4794103557.5,72063,197880,30.77,12,2018,8241.127135169123,2.2791515806908524,Positive
394,MARUTI,EQ,2018-12-13,7471.85,7477.5,7700.0,7477.5,7666.5,7670.5,7622.8,881204,6717237950.0,101662,248106,28.16,12,2018,8238.588944359915,2.65864544925285,Positive
395,MARUTI,EQ,2018-12-14,7670.5,7684.0,7690.0,7545.95,7676.0,7662.15,7613.76,676653,5151871526.7,90491,208083,30.75,12,2018,8236.625629833112,-0.10885861417118115,Slight or No change
396,MARUTI,EQ,2018-12-17,7662.15,7691.9,7800.0,7650.0,7717.65,7734.05,7739.25,712296,5512638446.4,89891,174341,24.48,12,2018,8234.985895082411,0.9383789145344323,Slight positive
397,MARUTI,EQ,2018-12-18,7734.05,7710.0,7785.0,7655.0,7768.0,7772.35,7732.85,658919,5095320404.95,73064,160395,24.34,12,2018,8233.459174963602,0.49521272813080053,Slight or No change
398,MARUTI,EQ,2018-12-19,7772.35,7781.0,7949.75,7781.0,7915.1,7936.0,7886.0,856358,6753241146.05,105351,306096,35.74,12,2018,8232.09159558861,2.1055407952549787,Positive
399,MARUTI,EQ,2018-12-20,7936.0,7850.0,7919.0,7763.65,7812.3,7807.05,7845.5,824303,6467070333.1,84180,242794,29.45,12,2018,8230.632477561838,-1.6248739919354827,Negative
400,MARUTI,EQ,2018-12-21,7807.05,7830.0,7835.0,7515.0,7539.0,7536.3,7618.48,1257227,9578152697.9,147049,388751,30.92,12,2018,8227.128740065915,-3.468019290256885,Among top losers
401,MARUTI,EQ,2018-12-24,7536.3,7560.0,7595.65,7470.0,7529.15,7529.15,7533.81,611297,4605394253.1,61083,61722,10.1,12,2018,8225.204600818086,-0.09487414248371406,Slight or No change
402,MARUTI,EQ,2018-12-26,7529.15,7488.0,7600.0,7402.0,7552.5,7569.1,7507.34,594156,4460533827.7,61884,83624,14.07,12,2018,8223.273413442457,0.5306043842930652,Slight positive
403,MARUTI,EQ,2018-12-27,7569.1,7649.0,7668.85,7479.3,7501.1,7499.95,7575.64,704523,5337216115.2,63646,116051,16.47,12,2018,8221.214099015224,-0.9135828566144033,Slight negative
404,MARUTI,EQ,2018-12-28,7499.95,7548.0,7580.0,7490.0,7518.0,7505.55,7529.16,616845,4644327086.45,69397,161648,26.21,12,2018,8219.292747075191,0.07466716444777255,Slight or No change
405,MARUTI,EQ,2018-12-31,7505.55,7550.0,7572.75,7443.1,7452.0,7465.5,7516.95,547975,4119101631.5,55374,137752,25.14,12,2018,8217.564798232866,-0.5336051322021751,Slight negative
406,MARUTI,EQ,2019-01-01,7465.5,7449.75,7494.0,7395.0,7476.85,7476.8,7443.84,625360,4655079100.35,55211,56614,9.05,1,2019,8215.39849131041,0.15136293617306062,Slight or No change
407,MARUTI,EQ,2019-01-02,7476.8,7445.0,7460.0,7244.0,7269.0,7267.85,7338.3,891844,6544620434.9,97563,282890,31.72,1,2019,8211.910222264318,-2.794644767815102,Negative
408,MARUTI,EQ,2019-01-03,7267.85,7280.0,7350.0,7185.6,7191.0,7203.95,7271.97,715168,5200678866.4,86856,216975,30.34,1,2019,8208.922101271368,-0.8792146233067677,Slight negative
409,MARUTI,EQ,2019-01-04,7203.95,7239.0,7309.0,7161.2,7249.95,7234.5,7236.84,774445,5604532562.9,76134,154216,19.91,1,2019,8205.587139318557,0.4240729044482583,Slight or No change
410,MARUTI,EQ,2019-01-07,7234.5,7310.0,7407.0,7300.0,7376.0,7362.05,7360.72,687845,5063034150.55,66024,234828,34.14,1,2019,8203.020557993937,1.7630796876079824,Positive
411,MARUTI,EQ,2019-01-08,7362.05,7380.0,7454.8,7322.1,7440.0,7439.5,7400.56,516841,3824910448.4,59758,146377,28.32,1,2019,8201.193019717128,1.052016761635688,Positive
412,MARUTI,EQ,2019-01-09,7439.5,7460.5,7529.0,7414.0,7481.0,7492.9,7490.62,740580,5547404597.15,77462,273866,36.98,1,2019,8198.881744872111,0.7177901740708315,Slight positive
413,MARUTI,EQ,2019-01-10,7492.9,7500.0,7511.0,7360.15,7367.0,7391.6,7444.34,452699,3370045089.95,48105,135341,29.9,1,2019,8197.38447164303,-1.3519465093621896,Negative
414,MARUTI,EQ,2019-01-11,7391.6,7382.7,7400.0,7282.0,7307.0,7320.5,7332.02,488399,3580950024.2,52691,147844,30.27,1,2019,8195.535827493688,-0.9619027003625824,Slight negative
415,MARUTI,EQ,2019-01-14,7320.5,7330.0,7433.35,7257.0,7425.0,7408.7,7336.79,424152,3111915153.25,53821,87990,20.74,1,2019,8193.945594802904,1.204835735263976,Positive
416,MARUTI,EQ,2019-01-15,7408.7,7430.0,7470.0,7317.0,7349.0,7355.15,7381.23,491196,3625628249.45,62664,133373,27.15,1,2019,8192.206442650835,-0.722798871596908,Slight negative
417,MARUTI,EQ,2019-01-16,7355.15,7349.5,7384.0,7291.1,7304.05,7310.25,7329.03,424769,3113143898.7,52831,117708,27.71,1,2019,8190.612056096653,-0.6104566188317007,Slight negative
418,MARUTI,EQ,2019-01-17,7310.25,7339.0,7398.95,7307.5,7330.0,7336.25,7352.95,462725,3402392796.55,58345,143639,31.04,1,2019,8188.929924215244,0.3556649909373766,Slight or No change
419,MARUTI,EQ,2019-01-18,7336.25,7345.0,7379.95,7318.0,7370.0,7357.95,7350.76,334555,2459232487.0,36092,113631,33.96,1,2019,8187.714752257,0.29579144658373746,Slight or No change
420,MARUTI,EQ,2019-01-21,7357.95,7358.0,7380.0,7161.0,7188.0,7208.4,7266.86,654537,4756431916.75,99182,281325,42.98,1,2019,8185.11019821309,-2.0324954640898674,Negative
421,MARUTI,EQ,2019-01-22,7208.4,7180.0,7180.0,7054.5,7056.0,7068.85,7095.48,896521,6361244400.55,128669,328030,36.59,1,2019,8180.90517502308,-1.9359358526163772,Negative
422,MARUTI,EQ,2019-01-23,7068.85,7050.0,7132.25,7025.0,7044.0,7045.4,7065.07,702474,4963030699.6,67947,167068,23.78,1,2019,8177.541238100311,-0.3317371283872328,Slight or No change
423,MARUTI,EQ,2019-01-24,7045.4,7059.9,7098.0,7014.4,7058.7,7040.6,7058.58,520703,3675424081.6,58624,136838,26.28,1,2019,8175.04633746117,-0.06812955971271517,Slight or No change
424,MARUTI,EQ,2019-01-25,7040.6,7054.0,7133.0,6410.0,6469.9,6513.4,6687.48,3062762,20482145241.7,279196,1018169,33.24,1,2019,8155.789761454364,-7.487998181973133,Bear drop
425,MARUTI,EQ,2019-01-28,6513.4,6512.5,6610.0,6317.7,6510.5,6511.05,6463.35,2398091,15499707388.9,264941,929369,38.75,1,2019,8138.807769880129,-0.03607946694506037,Slight or No change
426,MARUTI,EQ,2019-01-29,6511.05,6480.0,6619.15,6447.4,6520.0,6526.95,6538.7,1101399,7201712458.35,124843,374079,33.96,1,2019,8131.467587866263,0.24420024420024333,Slight or No change
427,MARUTI,EQ,2019-01-30,6526.95,6559.0,6588.0,6508.0,6565.0,6548.25,6542.56,583773,3819371533.7,70798,243280,41.67,1,2019,8127.61368381765,0.3263392549353039,Slight or No change
428,MARUTI,EQ,2019-01-31,6548.25,6575.0,6660.05,6460.05,6635.0,6641.15,6548.88,926270,6066027944.5,110666,394294,42.57,1,2019,8121.561159590645,1.4186996525789253,Positive
429,MARUTI,EQ,2019-02-01,6641.15,6679.0,7204.0,6652.55,6930.0,6962.3,6951.19,2545419,17693698166.8,263029,715227,28.1,2,2019,8109.359428724053,4.835758867063689,Among top gainers
430,MARUTI,EQ,2019-02-04,6962.3,6975.0,7039.0,6851.65,7005.65,6988.2,6954.72,658776,4581605508.05,76227,134185,20.37,2,2019,8106.252348547322,0.37200350458899134,Slight or No change
431,MARUTI,EQ,2019-02-05,6988.2,6995.0,7125.0,6985.4,7125.0,7093.6,7059.63,681498,4811121560.2,73807,214352,31.45,2,2019,8103.3468838555455,1.5082567757076282,Positive
432,MARUTI,EQ,2019-02-06,7093.6,7120.0,7220.0,7067.0,7195.05,7183.4,7140.65,567827,4054652959.75,61950,151919,26.75,2,2019,8101.125297234602,1.265929852261194,Positive
433,MARUTI,EQ,2019-02-07,7183.4,7201.0,7320.0,7185.1,7286.0,7302.55,7272.3,690174,5019153995.3,76768,210891,30.56,2,2019,8098.807033750473,1.6586853022245718,Positive
434,MARUTI,EQ,2019-02-08,7302.55,7270.0,7300.0,7100.0,7115.2,7134.25,7191.38,576159,4143378212.1,78367,152964,26.55,2,2019,8096.693143782122,-2.3046743945608017,Negative
435,MARUTI,EQ,2019-02-11,7134.25,7150.0,7209.95,7051.1,7198.65,7177.9,7133.32,502244,3582669583.6,63736,76418,15.22,2,2019,8094.740798692989,0.6118372639029923,Slight positive
436,MARUTI,EQ,2019-02-12,7177.9,7193.0,7230.0,7127.95,7141.0,7162.5,7188.98,494592,3555609756.8,65794,124192,25.11,2,2019,8092.9367758025355,-0.2145474303069106,Slight or No change
437,MARUTI,EQ,2019-02-13,7162.5,7157.0,7165.0,6994.35,7061.0,7028.25,7082.84,563690,3992525118.35,87718,169043,29.99,2,2019,8090.649070761237,-1.874345549738221,Negative
438,MARUTI,EQ,2019-02-14,7028.25,7036.7,7111.2,6990.0,7039.9,7017.5,7040.3,622311,4381258068.75,78325,201614,32.4,2,2019,8088.029360230867,-0.15295414932593454,Slight or No change
439,MARUTI,EQ,2019-02-15,7017.5,7027.4,7058.7,6900.0,6915.0,6930.05,6972.04,768798,5360092163.5,85622,270670,35.21,2,2019,8084.60130060816,-1.2461702885642967,Negative
440,MARUTI,EQ,2019-02-18,6930.05,6964.7,6997.8,6817.0,6834.95,6842.7,6877.06,509963,3507046836.7,67398,145375,28.51,2,2019,8082.145841425976,-1.2604526662866822,Negative
441,MARUTI,EQ,2019-02-19,6842.7,6855.0,6915.9,6771.0,6815.0,6804.55,6866.95,493861,3391320281.95,59750,124406,25.19,2,2019,8079.757542524126,-0.5575284609876219,Slight negative
442,MARUTI,EQ,2019-02-20,6804.55,6842.0,6888.0,6804.4,6849.95,6849.9,6844.34,534284,3656818737.95,58220,232211,43.46,2,2019,8077.136336383744,0.6664658206640972,Slight positive
443,MARUTI,EQ,2019-02-21,6849.9,6868.95,6879.65,6715.0,6818.05,6801.55,6779.81,722938,4901379180.85,90347,231221,31.98,2,2019,8073.422519320505,-0.705849720433871,Slight negative
444,MARUTI,EQ,2019-02-22,6801.55,6827.0,6939.0,6819.05,6919.0,6912.4,6899.91,764535,5275220020.0,67465,299071,39.12,2,2019,8069.880568488052,1.629775565863656,Positive
445,MARUTI,EQ,2019-02-25,6912.4,6948.0,6984.9,6870.05,6930.2,6924.9,6926.21,495728,3433518426.2,62728,140476,28.34,2,2019,8067.646725107994,0.1808344424512498,Slight or No change
446,MARUTI,EQ,2019-02-26,6924.9,6885.0,6975.0,6812.6,6900.0,6904.3,6895.74,673415,4643695673.4,67933,175993,26.13,2,2019,8064.545499524378,-0.297477219887643,Slight or No change
447,MARUTI,EQ,2019-02-27,6904.3,6943.0,7048.0,6853.2,6947.25,6968.5,6960.32,961829,6694636021.55,100907,275595,28.65,2,2019,8060.387592596033,0.9298553075619553,Slight positive
448,MARUTI,EQ,2019-02-28,6968.5,7010.0,7040.0,6801.0,6831.95,6829.7,6881.48,1031563,7098685243.8,120214,363696,35.26,2,2019,8055.645780933593,-1.9918203343617713,Negative
449,MARUTI,EQ,2019-03-01,6829.7,6876.8,6950.0,6827.25,6938.95,6935.15,6894.86,768822,5300920300.5,70081,199576,25.96,3,2019,8052.176442200657,1.5439916833828615,Positive
450,MARUTI,EQ,2019-03-05,6935.15,6950.0,7158.15,6894.45,7130.0,7117.75,7040.88,838538,5904042757.9,88633,254992,30.41,3,2019,8048.890524832512,2.6329639589626863,Positive
451,MARUTI,EQ,2019-03-06,7117.75,7137.85,7144.9,7010.0,7053.0,7056.9,7071.79,557197,3940379306.1,57525,149798,26.88,3,2019,8046.785453725715,-0.8549049910435258,Slight negative
452,MARUTI,EQ,2019-03-07,7056.9,7078.0,7092.5,7002.0,7020.0,7029.05,7036.35,396771,2791820856.35,48429,143098,36.07,3,2019,8045.237701261164,-0.3946492085759923,Slight or No change
453,MARUTI,EQ,2019-03-08,7029.05,6975.0,7025.0,6951.0,6960.0,6967.7,6987.8,486432,3399088644.55,53304,128275,26.37,3,2019,8043.255648860645,-0.8728064247658041,Slight negative
454,MARUTI,EQ,2019-03-11,6967.7,6980.0,7121.6,6975.0,7068.05,7081.9,7075.19,720905,5100541634.55,87743,295672,41.01,3,2019,8040.573911153133,1.6389913457812488,Positive
455,MARUTI,EQ,2019-03-12,7081.9,7097.0,7232.0,7096.0,7130.3,7157.2,7182.59,828847,5953269620.75,79990,282481,34.08,3,2019,8037.849918446509,1.063273980146584,Positive
456,MARUTI,EQ,2019-03-13,7157.2,7177.0,7202.95,7050.0,7094.0,7091.05,7111.31,534982,3804421750.75,60144,160090,29.92,3,2019,8035.9551040711385,-0.9242441178114347,Slight negative
457,MARUTI,EQ,2019-03-14,7091.05,7103.0,7148.0,7047.25,7091.0,7086.3,7086.66,584482,4142023832.2,77800,208109,35.61,3,2019,8033.838856358055,-0.06698584835813648,Slight or No change
458,MARUTI,EQ,2019-03-15,7086.3,7109.0,7157.0,7060.0,7103.6,7084.0,7098.49,861945,6118508750.45,68340,478516,55.52,3,2019,8030.773917136345,-0.03245699448231054,Slight or No change
459,MARUTI,EQ,2019-03-18,7084.0,7077.45,7077.45,6776.6,6902.0,6909.1,6877.73,1525653,10493033072.6,203794,663894,43.52,3,2019,8024.124880928258,-2.468944099378878,Negative
460,MARUTI,EQ,2019-03-19,6909.1,6900.0,6901.95,6809.25,6816.0,6825.2,6849.5,816763,5594419494.95,86822,381843,46.75,3,2019,8020.509836156984,-1.2143405074467095,Negative
461,MARUTI,EQ,2019-03-20,6825.2,6860.0,6860.0,6650.0,6652.0,6673.55,6743.05,1017560,6861455439.25,122454,428875,42.15,3,2019,8015.630466645209,-2.221912910976964,Negative
463,MARUTI,EQ,2019-03-22,6673.55,6567.0,6716.3,6532.35,6555.0,6552.7,6595.68,1715983,11318068782.3,146685,831869,48.48,3,2019,8006.542762517377,-1.8108802661252366,Negative
464,MARUTI,EQ,2019-03-25,6552.7,6515.0,6621.0,6491.2,6520.0,6522.6,6538.23,1093184,7147489392.6,105876,368528,33.71,3,2019,8000.580477387057,-0.4593526332656639,Slight or No change
465,MARUTI,EQ,2019-03-26,6522.6,6558.0,6600.0,6480.0,6595.0,6585.7,6541.39,909087,5946695604.85,100956,332174,36.54,3,2019,7995.6696544401375,0.967405635789409,Slight positive
466,MARUTI,EQ,2019-03-27,6585.7,6628.0,6640.0,6500.0,6505.05,6518.0,6564.08,887601,5826280100.0,95393,337095,37.98,3,2019,7990.980997399701,-1.0279848763229404,Negative
467,MARUTI,EQ,2019-03-28,6518.0,6535.0,6625.0,6501.2,6609.8,6596.25,6558.69,949713,6228872558.55,100996,412194,43.4,3,2019,7985.979310192715,1.2005216324025847,Positive
468,MARUTI,EQ,2019-03-29,6596.25,6610.0,6775.0,6565.1,6672.0,6672.55,6699.93,1458092,9769119265.4,148778,574358,39.39,3,2019,7979.121061541112,1.1567178321015836,Positive
469,MARUTI,EQ,2019-04-01,6672.55,6730.8,6870.0,6700.0,6840.0,6840.7,6812.42,1142386,7782414880.9,114137,307952,26.96,4,2019,7974.266697090508,2.5200260769870475,Positive
470,MARUTI,EQ,2019-04-02,6840.7,6859.45,6900.7,6785.5,6890.0,6889.7,6862.02,866805,5948033441.4,91325,284610,32.83,4,2019,7970.766330606142,0.7163009633517126,Slight positive
471,MARUTI,EQ,2019-04-03,6889.7,6896.0,7098.0,6896.0,7091.0,7072.9,7021.88,1491021,10469774729.35,115921,686335,46.03,4,2019,7965.657232515705,2.6590417579865466,Positive
472,MARUTI,EQ,2019-04-04,7072.9,7120.0,7170.0,7061.65,7108.9,7113.1,7117.87,1388375,9882271361.0,116312,580291,41.8,4,2019,7961.427937394426,0.5683665823071227,Slight positive
473,MARUTI,EQ,2019-04-05,7113.1,7095.0,7143.95,7050.0,7103.7,7107.7,7102.19,729603,5181779937.6,68649,272990,37.42,4,2019,7959.181277424431,-0.07591626716902944,Slight or No change
474,MARUTI,EQ,2019-04-08,7107.7,7107.0,7150.0,7044.7,7127.0,7129.45,7102.35,498374,3539627821.2,54468,170698,34.25,4,2019,7957.653665629771,0.3060061623309851,Slight or No change
475,MARUTI,EQ,2019-04-09,7129.45,7134.0,7235.0,7080.0,7230.0,7216.55,7155.98,741669,5307371261.1,66791,274138,36.96,4,2019,7955.532281536742,1.2216931179824586,Positive
476,MARUTI,EQ,2019-04-10,7216.55,7218.95,7218.95,7144.6,7176.5,7186.35,7179.12,590107,4236448139.6,58826,164500,27.88,4,2019,7953.901028595003,-0.4184825158836225,Slight or No change
477,MARUTI,EQ,2019-04-11,7186.35,7186.95,7220.0,7150.0,7196.0,7187.85,7181.47,609539,4377388415.5,54248,256379,42.06,4,2019,7952.2283293155815,0.020872904882174304,Slight or No change
478,MARUTI,EQ,2019-04-12,7187.85,7188.9,7357.0,7161.05,7348.0,7342.85,7280.17,929935,6770086682.85,81115,302564,32.54,4,2019,7950.015317260192,2.156416731011368,Positive
479,MARUTI,EQ,2019-04-15,7342.85,7351.05,7389.95,7295.0,7352.0,7352.5,7344.14,585205,4297829669.5,62806,213194,36.43,4,2019,7948.762417023328,0.1314203613038467,Slight or No change
480,MARUTI,EQ,2019-04-16,7352.5,7369.9,7475.0,7350.0,7460.95,7458.55,7437.45,707823,5264397805.8,92307,250466,35.39,4,2019,7947.486708937109,1.4423665419925236,Positive
481,MARUTI,EQ,2019-04-18,7458.55,7533.1,7539.35,7434.05,7440.0,7447.45,7478.62,713163,5333478619.75,56292,270991,38.0,4,2019,7946.311031608283,-0.14882249230748767,Slight or No change
482,MARUTI,EQ,2019-04-22,7447.45,7422.0,7424.9,7300.0,7325.0,7321.25,7350.38,479609,3525306803.55,54650,193413,40.33,4,2019,7945.307799254019,-1.6945397417908126,Negative
483,MARUTI,EQ,2019-04-23,7321.25,7327.0,7388.9,7006.0,7061.0,7048.9,7231.32,952628,6888761860.05,76805,385812,40.5,4,2019,7942.928316496797,-3.719993170565139,Among top losers
484,MARUTI,EQ,2019-04-24,7048.9,7065.0,7101.95,6910.0,6994.35,7016.7,6989.53,1063510,7433434629.2,122009,355176,33.4,4,2019,7939.3942756789575,-0.4568088637943446,Slight or No change
485,MARUTI,EQ,2019-04-25,7016.7,7014.75,7144.95,6865.0,6880.0,6905.25,6965.15,3075510,21421400565.2,275395,787916,25.62,4,2019,7929.0616669726005,-1.5883534995083104,Negative
486,MARUTI,EQ,2019-04-26,6905.25,6805.0,6886.85,6750.0,6844.4,6842.85,6805.2,1999920,13609855777.05,174307,732024,36.6,4,2019,7921.3638856969255,-0.9036602584989617,Slight negative
487,MARUTI,EQ,2019-04-30,6842.85,6700.0,6750.0,6630.0,6638.6,6666.4,6683.07,1640025,10960405883.9,166409,827943,50.48,4,2019,7914.447459408991,-2.5786039442630027,Negative
488,MARUTI,EQ,2019-05-02,6666.4,6550.0,6709.95,6525.0,6670.0,6683.25,6643.36,1337101,8882841034.6,115121,468278,35.02,5,2019,7908.685449343774,0.25276011040442636,Slight or No change
489,MARUTI,EQ,2019-05-03,6683.25,6675.0,6780.0,6675.0,6705.5,6710.0,6743.66,795679,5365789580.7,67142,314151,39.48,5,2019,7905.55116991524,0.40025436726143226,Slight or No change
490,MARUTI,EQ,2019-05-06,6710.0,6659.0,6732.0,6639.3,6706.25,6709.65,6698.71,480317,3217505520.05,50892,110501,23.01,5,2019,7903.59440908347,-0.00521609538003398,Slight or No change
491,MARUTI,EQ,2019-05-07,6709.65,6744.9,6785.25,6680.0,6693.0,6702.0,6737.56,586684,3952820674.4,69696,198757,33.88,5,2019,7901.289700421281,-0.11401488900314449,Slight or No change
492,MARUTI,EQ,2019-05-08,6702.0,6679.0,6693.0,6616.0,6650.0,6650.15,6655.7,552749,3678929102.2,59897,228920,41.41,5,2019,7898.97446369794,-0.7736496568188644,Slight negative
493,MARUTI,EQ,2019-05-09,6650.15,6637.0,6678.0,6600.0,6609.85,6624.95,6646.86,570000,3788709570.9,71334,257451,45.17,5,2019,7896.579054704654,-0.37893882092885356,Slight or No change
494,MARUTI,EQ,2019-05-10,6624.95,6623.0,6664.9,6575.0,6630.0,6631.6,6622.41,608669,4030855439.15,75423,247688,40.69,5,2019,7893.981392235644,0.10037811606125047,Slight or No change
495,MARUTI,EQ,2019-05-13,6631.6,6626.0,6659.3,6500.0,6523.0,6543.75,6603.04,555672,3669122665.4,74137,241880,43.53,5,2019,7891.583155975044,-1.3247180167682115,Negative
